-- phpMyAdmin SQL Dump
-- version 4.0.10deb1
-- http://www.phpmyadmin.net
--
-- Host: localhost
-- Generation Time: Jul 14, 2015 at 05:42 PM
-- Server version: 5.6.19-0ubuntu0.14.04.1
-- PHP Version: 5.5.9-1ubuntu4.11

SET SQL_MODE = "NO_AUTO_VALUE_ON_ZERO";
SET time_zone = "+00:00";


/*!40101 SET @OLD_CHARACTER_SET_CLIENT=@@CHARACTER_SET_CLIENT */;
/*!40101 SET @OLD_CHARACTER_SET_RESULTS=@@CHARACTER_SET_RESULTS */;
/*!40101 SET @OLD_COLLATION_CONNECTION=@@COLLATION_CONNECTION */;
/*!40101 SET NAMES utf8 */;

--
-- Database: `nic_db`
--

-- --------------------------------------------------------

--
-- Table structure for table `albums`
--

CREATE TABLE IF NOT EXISTS `albums` (
  `id` int(10) unsigned NOT NULL AUTO_INCREMENT,
  `title` varchar(255) COLLATE utf8_unicode_ci NOT NULL,
  `description` varchar(255) COLLATE utf8_unicode_ci NOT NULL,
  `date_created` date NOT NULL,
  `user_id` int(10) unsigned NOT NULL,
  `created_at` timestamp NOT NULL DEFAULT '0000-00-00 00:00:00',
  `updated_at` timestamp NOT NULL DEFAULT '0000-00-00 00:00:00',
  PRIMARY KEY (`id`),
  KEY `albums_user_id_index` (`user_id`)
) ENGINE=InnoDB  DEFAULT CHARSET=utf8 COLLATE=utf8_unicode_ci AUTO_INCREMENT=2 ;

--
-- Dumping data for table `albums`
--

INSERT INTO `albums` (`id`, `title`, `description`, `date_created`, `user_id`, `created_at`, `updated_at`) VALUES
(1, 'facebook', 'facebook is very', '2015-07-01', 1, '2015-07-03 03:18:51', '2015-07-03 03:18:51');

-- --------------------------------------------------------

--
-- Table structure for table `articles`
--

CREATE TABLE IF NOT EXISTS `articles` (
  `id` int(10) unsigned NOT NULL AUTO_INCREMENT,
  `title_en` varchar(255) COLLATE utf8_unicode_ci NOT NULL,
  `title_ne` varchar(255) COLLATE utf8_unicode_ci NOT NULL,
  `description_en` varchar(255) COLLATE utf8_unicode_ci NOT NULL,
  `description_ne` varchar(255) COLLATE utf8_unicode_ci NOT NULL,
  `date_created` date NOT NULL,
  `type` varchar(255) COLLATE utf8_unicode_ci NOT NULL,
  `status` varchar(255) COLLATE utf8_unicode_ci NOT NULL,
  `user_id` int(10) unsigned NOT NULL,
  `category_id` int(10) unsigned NOT NULL,
  `image` text COLLATE utf8_unicode_ci NOT NULL,
  `docs` text COLLATE utf8_unicode_ci NOT NULL,
  `created_at` timestamp NOT NULL DEFAULT '0000-00-00 00:00:00',
  `updated_at` timestamp NOT NULL DEFAULT '0000-00-00 00:00:00',
  PRIMARY KEY (`id`),
  KEY `articles_user_id_index` (`user_id`),
  KEY `articles_category_id_index` (`category_id`)
) ENGINE=InnoDB  DEFAULT CHARSET=utf8 COLLATE=utf8_unicode_ci AUTO_INCREMENT=64 ;

--
-- Dumping data for table `articles`
--

INSERT INTO `articles` (`id`, `title_en`, `title_ne`, `description_en`, `description_ne`, `date_created`, `type`, `status`, `user_id`, `category_id`, `image`, `docs`, `created_at`, `updated_at`) VALUES
(1, 'सूचनाको हकसम्बन्धी ऐन, कार्यान्वयन र अनुगमन सम्बन्धी कार्यविधि, २०७१ ', 'सूचनाको हकसम्बन्धी ऐन, कार्यान्वयन र अनुगमन सम्बन्धी कार्यविधि, २०७१ ', 'सूचनाको हकसम्बन्धी ऐन, कार्यान्वयन र अनुगमन सम्बन्धी कार्यविधि, २०७१ डाउनलोड गर्नुहोस् ।', 'सूचनाको हकसम्बन्धी ऐन, कार्यान्वयन र अनुगमन सम्बन्धी कार्यविधि, २०७१ डाउनलोड गर्नुहोस् ।', '2015-07-04', 'News', 'Published', 1, 7, '19.jpg', '', '2015-07-02 18:15:00', '0000-00-00 00:00:00'),
(2, 'राष्ट्रिय सूचना आयोगको पुनरावेदनको कारवाही र किनारा गर्ने सम्बन्धी कार्यविधि २०६७', 'राष्ट्रिय सूचना आयोगको पुनरावेदनको कारवाही र किनारा गर्ने सम्बन्धी कार्यविधि २०६७', 'राष्ट्रिय सूचना आयोगको\n\nपुनरावेदनको कारवाही र किनारा गर्ने सम्बन्धी कार्यविधि २०६७\n\n१ संक्षिप्त नाम र प्रारम्भ\n\n१.१ यस कार्यविधिको नाम "पुनरावेदनको कारवाही र किनारा गर्ने सम्बन्धी कार्यविधि २०६७" रहेको छ ।\n\n१.२ यो कार्यविधि सूचनाको हकसम्बन्धी ऐन, ', 'राष्ट्रिय सूचना आयोगको\r\n\r\nपुनरावेदनको कारवाही र किनारा गर्ने सम्बन्धी कार्यविधि २०६७\r\n\r\n१ संक्षिप्त नाम र प्रारम्भ\r\n\r\n१.१ यस कार्यविधिको नाम "पुनरावेदनको कारवाही र किनारा गर्ने सम्बन्धी कार्यविधि २०६७" रहेको छ ।\r\n\r\n१.२ यो कार्यविधि सूचनाको हकसम्बन्धी ऐन, ', '2015-07-04', 'News', 'Published', 1, 17, '16.jpg', '', '2015-07-02 18:15:00', '0000-00-00 00:00:00'),
(3, 'राष्ट्रिय सूचना आयोगको उजुरी कारवाही र किनारा गर्ने सम्बन्धी कार्यविधि २०६७', 'राष्ट्रिय सूचना आयोगको उजुरी कारवाही र किनारा गर्ने सम्बन्धी कार्यविधि २०६७', 'राष्ट्रिय सूचना आयोगको\r\n\r\nउजुरी कारवाही र किनारा गर्ने सम्बन्धी कार्यविधि २०६७\r\n\r\n१ संक्षिप्त नाम र प्रारम्भ\r\n\r\n१.१ यस कार्यविधिको नाम "उजुरीको कारवाही र किनारा गर्ने सम्बन्धी कार्यविधि २०६७" रहेको छ ।\r\n\r\n१.२ यो कार्यविधि आयोगबाट प्रमाणित भएको मितिदेखि ला', 'राष्ट्रिय सूचना आयोगको\r\n\r\nउजुरी कारवाही र किनारा गर्ने सम्बन्धी कार्यविधि २०६७\r\n\r\n१ संक्षिप्त नाम र प्रारम्भ\r\n\r\n१.१ यस कार्यविधिको नाम "उजुरीको कारवाही र किनारा गर्ने सम्बन्धी कार्यविधि २०६७" रहेको छ ।\r\n\r\n१.२ यो कार्यविधि आयोगबाट प्रमाणित भएको मितिदेखि ला', '2015-07-04', 'News', 'Published', 1, 7, '', '', '2015-07-02 18:15:00', '0000-00-00 00:00:00'),
(4, 'राष्ट्रिय सूचना आयोगको बैठक व्यवस्था कार्यविधि', 'राष्ट्रिय सूचना आयोगको बैठक व्यवस्था कार्यविधि', 'राष्ट्रिय सूचना आयोगको\r\n\r\nबैठक व्यवस्था कार्यविधि\r\n\r\n१. संक्षिप्त नाम र प्रारम्भ\r\n\r\n(क) यस कार्यविधिको नाम ''राष्ट्रिय सूचना आयोगको बैठक व्यवस्था कार्यविधि, २०६७'' रहेको छ ।\r\n\r\n(ख) यो कार्यविधि सूचनाको हकसम्बन्धी नियमावली, २०६५ को नियम ९(७) अर्न्तर्गत बनाइए', 'राष्ट्रिय सूचना आयोगको\r\n\r\nबैठक व्यवस्था कार्यविधि\r\n\r\n१. संक्षिप्त नाम र प्रारम्भ\r\n\r\n(क) यस कार्यविधिको नाम ''राष्ट्रिय सूचना आयोगको बैठक व्यवस्था कार्यविधि, २०६७'' रहेको छ ।\r\n\r\n(ख) यो कार्यविधि सूचनाको हकसम्बन्धी नियमावली, २०६५ को नियम ९(७) अर्न्तर्गत बनाइए', '2015-07-04', 'News', 'Published', 1, 17, '16.jpg', '', '2015-07-02 18:15:00', '0000-00-00 00:00:00'),
(5, 'राष्ट्रिय सूचना आयोगको निवेदनको कारवाही र किनारा गर्ने सम्बन्धी कार्यविधि २०६७', 'राष्ट्रिय सूचना आयोगको निवेदनको कारवाही र किनारा गर्ने सम्बन्धी कार्यविधि २०६७', 'राष्ट्रिय सूचना आयोगको\r\n\r\nनिवेदनको कारवाही र किनारा गर्ने सम्बन्धी कार्यविधि २०६७\r\n\r\n१ संक्षिप्त नाम र प्रारम्भ\r\n\r\n१.१ यस कार्यविधिको नाम "निवेदनको कारवाही र किनारा गर्ने सम्बन्धी कार्यविधि २०६७" रहेको छ ।\r\n\r\n१.२ यो कार्यविधि आयोगबाट प्रमाणित भएको मितिदेख', 'राष्ट्रिय सूचना आयोगको\r\n\r\nनिवेदनको कारवाही र किनारा गर्ने सम्बन्धी कार्यविधि २०६७\r\n\r\n१ संक्षिप्त नाम र प्रारम्भ\r\n\r\n१.१ यस कार्यविधिको नाम "निवेदनको कारवाही र किनारा गर्ने सम्बन्धी कार्यविधि २०६७" रहेको छ ।\r\n\r\n१.२ यो कार्यविधि आयोगबाट प्रमाणित भएको मितिदेख', '2015-07-04', 'News', 'Published', 1, 7, '', '', '2015-07-02 18:15:00', '0000-00-00 00:00:00'),
(6, 'प्रशिक्षक प्रशिक्षणको प्रमुख आयुक्तद्वारा उद्घाटन', 'प्रशिक्षक प्रशिक्षणको प्रमुख आयुक्तद्वारा उद्घाटन', 'राष्ट्रिय सूचना आयोग र प्रशासनिक प्रशिक्षण प्रतिष्ठानको संयुक्त आयोजनामा अयोजित प्रशिक्षक प्रशिक्षणको आयोगका प्रमुख सूचना आयुक्त कृष्णहरि बाँस्कोटाले उद्घाटन गर्नु भयो । ३ दिनसम्म चल्ने सो कार्यक्रममा सरकारी तालीम केन्द्रका प्रशिक्षकहरुको सहभागिता रहेको छ', 'राष्ट्रिय सूचना आयोग र प्रशासनिक प्रशिक्षण प्रतिष्ठानको संयुक्त आयोजनामा अयोजित प्रशिक्षक प्रशिक्षणको आयोगका प्रमुख सूचना आयुक्त कृष्णहरि बाँस्कोटाले उद्घाटन गर्नु भयो । ३ दिनसम्म चल्ने सो कार्यक्रममा सरकारी तालीम केन्द्रका प्रशिक्षकहरुको सहभागिता रहेको छ', '2015-07-04', 'News', 'Published', 1, 17, '', '', '2015-07-02 18:15:00', '2015-07-04 04:09:08'),
(7, 'उदयपुरमा प्रमुख आयुक्तद्वारा मन्तव्य व्यक्त', 'उदयपुरमा प्रमुख आयुक्तद्वारा मन्तव्य व्यक्त', 'उदयपुरको सदरमुकाम गाईघाटमा आयोजित सूचनाको हक सम्बन्धी कार्यक्रममा प्रमुख आयुक्त श्री कृष्णहरि बाँस्कोटाले लोकतन्त्रको मापककारुपमा रहेको सूचनाको हकलाई कसैले पनि अवरुद्ध गर्न नमिल्ने कुरा बताउनु भयो । कानूनले निर्दिष्ट गरेको कर्तव्य पालन नगर्नेले दण्डित हुन', 'उदयपुरको सदरमुकाम गाईघाटमा आयोजित सूचनाको हक सम्बन्धी कार्यक्रममा प्रमुख आयुक्त श्री कृष्णहरि बाँस्कोटाले लोकतन्त्रको मापककारुपमा रहेको सूचनाको हकलाई कसैले पनि अवरुद्ध गर्न नमिल्ने कुरा बताउनु भयो । कानूनले निर्दिष्ट गरेको कर्तव्य पालन नगर्नेले दण्डित हुन', '2015-07-04', 'News', 'Published', 1, 19, '', '', '2015-07-02 18:15:00', '0000-00-00 00:00:00'),
(8, 'प्रमुख सूचना आयुक्तद्वारा पोखराको कार्यक्रममा संबोधन', 'प्रमुख सूचना आयुक्तद्वारा पोखराको कार्यक्रममा संबोधन', 'राष्ट्रिय सूचना आयोगद्वारा कास्कीको पोखरामा आयोजित कार्यक्रममा प्रमुख सूचना आयुक्त श्री कृष्णहरि बाँस्कोटाले कार्यक्रमको उद्घाटन गर्दै संविधान र कानूनले निर्धारण गरे अनुसार ३।३ महिनामा आफ्नो निकायसँग सम्बन्धित सूचना सार्वजनिकीकरण गर्न, सूचना अधिकारी तोक्न', 'राष्ट्रिय सूचना आयोगद्वारा कास्कीको पोखरामा आयोजित कार्यक्रममा प्रमुख सूचना आयुक्त श्री कृष्णहरि बाँस्कोटाले कार्यक्रमको उद्घाटन गर्दै संविधान र कानूनले निर्धारण गरे अनुसार ३।३ महिनामा आफ्नो निकायसँग सम्बन्धित सूचना सार्वजनिकीकरण गर्न, सूचना अधिकारी तोक्न', '2015-07-04', 'News', 'Published', 1, 17, '', '', '2015-07-02 18:15:00', '0000-00-00 00:00:00'),
(9, 'दोलखामा प्रमुख आयुक्तद्वारा कार्यक्रमको उद्घाटन', 'दोलखामा प्रमुख आयुक्तद्वारा कार्यक्रमको उद्घाटन', 'राष्ट्रिय सूचना आयोगका प्रमुख सू्रचना आयुक्त श्री कृष्णहरि बाँस्कोटाले प्रधानमन्त्री तथा मन्त्रिपरिषद्को कार्यालयद्वारा आयोजित सूचनाको हक सम्बन्धी एक दिने अभिमुखीकरण तालीमको २०७१ चैत्र ६ गते दोलखाको सदरमुकाम चरिकोटमा उद्घाटन गर्नुभयो ।\r\n\r\nप्रमुख आयुक्त बा', 'राष्ट्रिय सूचना आयोगका प्रमुख सू्रचना आयुक्त श्री कृष्णहरि बाँस्कोटाले प्रधानमन्त्री तथा मन्त्रिपरिषद्को कार्यालयद्वारा आयोजित सूचनाको हक सम्बन्धी एक दिने अभिमुखीकरण तालीमको २०७१ चैत्र ६ गते दोलखाको सदरमुकाम चरिकोटमा उद्घाटन गर्नुभयो ।\r\n\r\nप्रमुख आयुक्त बा', '2015-07-04', 'News', 'Published', 1, 32, '', '', '2015-07-02 18:15:00', '0000-00-00 00:00:00'),
(10, 'रामेछापमा आयोजित सूचनाको हक सम्बन्धी कार्यक्रममा प्रमुख आयुक्त सहभागी', 'रामेछापमा आयोजित सूचनाको हक सम्बन्धी कार्यक्रममा प्रमुख आयुक्त सहभागी', 'राष्ट्रिय सूचना आयोगका प्रमुख सूचना आयुक्त श्री कृष्णहरि बाँस्कोटाले रामेछापको सदरमुकाम मन्थलीमा प्रधानमन्त्री तथा मन्त्रिपरिषद्को कार्यालयद्वारा आयोजित सूचनाको हक सम्बन्धी अभिमुखीकरण तालीमको २०७१ चैत्र ५ गते उद्घाटन गर्नुभयो ।\r\n\r\nकार्यक्रमको उद्घाटन मन्त', 'राष्ट्रिय सूचना आयोगका प्रमुख सूचना आयुक्त श्री कृष्णहरि बाँस्कोटाले रामेछापको सदरमुकाम मन्थलीमा प्रधानमन्त्री तथा मन्त्रिपरिषद्को कार्यालयद्वारा आयोजित सूचनाको हक सम्बन्धी अभिमुखीकरण तालीमको २०७१ चैत्र ५ गते उद्घाटन गर्नुभयो ।\r\n\r\nकार्यक्रमको उद्घाटन मन्त', '2015-07-04', 'News', 'Published', 1, 32, '', '', '2015-07-02 18:15:00', '0000-00-00 00:00:00'),
(11, 'व्यवस्थापिका संसदको विकास समितिमा माननीय सभासद र सचिवहरुसँग राष्ट्रिय सूचना आयोगको छलफल कार्यक्रम', 'व्यवस्थापिका संसदको विकास समितिमा माननीय सभासद र सचिवहरुसँग राष्ट्रिय सूचना आयोगको छलफल कार्यक्रम', 'स्वागत र छलफलको विषय बारे मन्तव्य : मा.श्री रविन्द्र अधिकारीज्यू, सभापति, विकास समिति\r\n1.	सुचनाको हक प्रर्वद्धन र प्रचलन जस्तो महत्वपूर्ण विषयमा छलफलको निमित्त उपस्थित हुनुभएका समितिका मा. सदस्यहरु, सूचना आयोगका प्रमुख तथा सूचना आयुक्त, नेपाल सरकारका मुख्', 'स्वागत र छलफलको विषय बारे मन्तव्य : मा.श्री रविन्द्र अधिकारीज्यू, सभापति, विकास समिति\r\n1.	सुचनाको हक प्रर्वद्धन र प्रचलन जस्तो महत्वपूर्ण विषयमा छलफलको निमित्त उपस्थित हुनुभएका समितिका मा. सदस्यहरु, सूचना आयोगका प्रमुख तथा सूचना आयुक्त, नेपाल सरकारका मुख्', '2015-07-04', 'News', 'Published', 2, 32, '', '', '2015-07-02 18:15:00', '0000-00-00 00:00:00'),
(12, 'राष्ट्रिय सूचना आयोग र विभागीयस्तरको अन्तक्रियाकार्यक्रम', 'राष्ट्रिय सूचना आयोग र विभागीयस्तरको अन्तक्रियाकार्यक्रम', 'प्रमुख आयुत्त कृष्णहरि बाँस्कोटाज्यूले सबै सहभागिहरुलाई स्वागत गर्दै कार्यक्रमको मूलउद्देश्यमा प्रवेश गर्नु भयो । उँहाले बिशेष गरी RIGHT TO INFORMATION लाई नै आधार बनाई देश बिदेशकोऐतिहासिक पक्षालाई उदाहरण सहित अन्तराष्ट्रिय क्षेत्रमा सूचनाको हकको प्रयोगको', 'प्रमुख आयुत्त कृष्णहरि बाँस्कोटाज्यूले सबै सहभागिहरुलाई स्वागत गर्दै कार्यक्रमको मूलउद्देश्यमा प्रवेश गर्नु भयो । उँहाले बिशेष गरी RIGHT TO INFORMATION लाई नै आधार बनाई देश बिदेशकोऐतिहासिक पक्षालाई उदाहरण सहित अन्तराष्ट्रिय क्षेत्रमा सूचनाको हकको प्रयोगको', '2015-07-04', 'News', 'Published', 1, 32, '', '', '2015-07-02 18:15:00', '0000-00-00 00:00:00'),
(13, 'अन्तक्रिया कार्यक्रम, पुतली बजार, स्याङजा २०७१/१०/२६', 'अन्तक्रिया कार्यक्रम, पुतली बजार, स्याङजा २०७१/१०/२६', 'श्री राष्ट्रिय सूचना आयोगको सूचनाको हकसम्बन्धी ऐन, २०६४ र सूचनाको हकसम्वन्धी नियमावली, २०६५ ले निर्धारण गरेका उद्देश्य तथा लक्ष्य प्राप्तिका लागि ऐनको दफा १९ मा उल्लेखित प्रवर्द्धनात्मक कार्य अन्तर्गत सूचनाको हकका अन्तर्राष्ट्रिय मान्यताहरु र यस बारे हाल ', 'श्री राष्ट्रिय सूचना आयोगको सूचनाको हकसम्बन्धी ऐन, २०६४ र सूचनाको हकसम्वन्धी नियमावली, २०६५ ले निर्धारण गरेका उद्देश्य तथा लक्ष्य प्राप्तिका लागि ऐनको दफा १९ मा उल्लेखित प्रवर्द्धनात्मक कार्य अन्तर्गत सूचनाको हकका अन्तर्राष्ट्रिय मान्यताहरु र यस बारे हाल ', '2015-07-04', 'News', 'Published', 1, 19, '', '', '2015-07-02 18:15:00', '0000-00-00 00:00:00'),
(14, 'अभिमुखीकरण कार्यक्रम सभाकक्ष बागलुङ्ग २०७१/१०/२८', 'अभिमुखीकरण कार्यक्रम सभाकक्ष बागलुङ्ग २०७१/१०/२८', 'श्री राष्ट्रिय सूचना आयोगको सूचनाको हकसम्बन्धी ऐन, २०६४ र सूचनाको हकसम्वन्धी नियमावली, २०६५ ले निर्धारण गरेका उद्देश्य तथा लक्ष्य प्राप्तिका लागि ऐनको दफा १९ मा उल्लेखित प्रवर्द्धनात्मक कार्य अन्तर्गत सूचनाको हकका अन्तर्राष्ट्रिय मान्यताहरु र यस बारे हाल ', 'श्री राष्ट्रिय सूचना आयोगको सूचनाको हकसम्बन्धी ऐन, २०६४ र सूचनाको हकसम्वन्धी नियमावली, २०६५ ले निर्धारण गरेका उद्देश्य तथा लक्ष्य प्राप्तिका लागि ऐनको दफा १९ मा उल्लेखित प्रवर्द्धनात्मक कार्य अन्तर्गत सूचनाको हकका अन्तर्राष्ट्रिय मान्यताहरु र यस बारे हाल ', '2015-07-04', 'News', 'Published', 1, 19, '', '', '2015-07-02 18:15:00', '0000-00-00 00:00:00'),
(15, 'अन्तक्रिया कार्यक्रम कुस्मा पर्वत, २०७१/१०/२९', 'अन्तक्रिया कार्यक्रम कुस्मा पर्वत, २०७१/१०/२९', 'श्री राष्ट्रिय सूचना आयोगको सूचनाको हकसम्बन्धी ऐन, २०६४ र सूचनाको हकसम्वन्धी नियमावली, २०६५ ले निर्धारण गरेका उद्देश्य तथा लक्ष्य प्राप्तिका लागि ऐनको दफा १९ मा उल्लेखित प्रवर्द्धनात्मक कार्य अन्तर्गत सूचनाको हकका अन्तर्राष्ट्रिय मान्यताहरु र यस बारे हाल ', 'श्री राष्ट्रिय सूचना आयोगको सूचनाको हकसम्बन्धी ऐन, २०६४ र सूचनाको हकसम्वन्धी नियमावली, २०६५ ले निर्धारण गरेका उद्देश्य तथा लक्ष्य प्राप्तिका लागि ऐनको दफा १९ मा उल्लेखित प्रवर्द्धनात्मक कार्य अन्तर्गत सूचनाको हकका अन्तर्राष्ट्रिय मान्यताहरु र यस बारे हाल ', '2015-07-04', 'News', 'Published', 1, 32, '', '', '2015-07-02 18:15:00', '0000-00-00 00:00:00'),
(16, 'राष्ट्रिय सूचना आयोगले गरेका मुख्य मुख्य कार्यहरु', 'राष्ट्रिय सूचना आयोगले गरेका मुख्य मुख्य कार्यहरु', 'राष्ट्रिय सूचना आयोगले गरेका मुख्य मुख्य कार्यहरु\r\n\r\n(ESP समेतको सहयोगमा)\r\nराष्ट्रिय सूचना आयोग सूचनाको हकसम्बन्धी ऐन, २०६४ अनुसार सूचनाको हक संरक्षण, सम्बद्र्धन र प्रचलन गराउन गठित स्वतन्त्र निकाय हो । सूचनाको हकलाई प्रभावकारी रुपमा कार्यान्वयन गराई सूचन', 'राष्ट्रिय सूचना आयोगले गरेका मुख्य मुख्य कार्यहरु\r\n\r\n(ESP समेतको सहयोगमा)\r\nराष्ट्रिय सूचना आयोग सूचनाको हकसम्बन्धी ऐन, २०६४ अनुसार सूचनाको हक संरक्षण, सम्बद्र्धन र प्रचलन गराउन गठित स्वतन्त्र निकाय हो । सूचनाको हकलाई प्रभावकारी रुपमा कार्यान्वयन गराई सूचन', '2015-07-04', 'News', 'Published', 1, 19, '', '', '2015-07-02 18:15:00', '0000-00-00 00:00:00'),
(17, 'संकटको घडीमा सूचना प्रवाहलाई अझ प्रभावकारी बनाउन सूचना आयोगको सुझाव सम्बन्धमा प्रेस बिज्ञप्ति', 'संकटको घडीमा सूचना प्रवाहलाई अझ प्रभावकारी बनाउन सूचना आयोगको सुझाव सम्बन्धमा प्रेस बिज्ञप्ति', '२०७२ साल बैंशाख १२ र २९ गते गएको विनाशकारी महाभूकम्पबाट नेपाली जनतामा पुगेको अपूरणीय क्षतिका सम्बन्धमा सरकार र सार्वजनिक निकायहरूबाट भैरहेको उद्दार र राहत वितरणलगायतका कार्यहरूमा पारदर्शिता अपनाउन तथा नेपालको अन्तरिम संविधान, २०६३ को धारा २७ मा वर्णित ‘प्', '२०७२ साल बैंशाख १२ र २९ गते गएको विनाशकारी महाभूकम्पबाट नेपाली जनतामा पुगेको अपूरणीय क्षतिका सम्बन्धमा सरकार र सार्वजनिक निकायहरूबाट भैरहेको उद्दार र राहत वितरणलगायतका कार्यहरूमा पारदर्शिता अपनाउन तथा नेपालको अन्तरिम संविधान, २०६३ को धारा २७ मा वर्णित ‘प्', '2015-07-04', 'News', 'Published', 1, 18, '', '', '2015-07-02 18:15:00', '0000-00-00 00:00:00'),
(18, '2)	आयोगको मिति २०७२/०१/१२ को भूकम्पबाट नेपाली जनतामा पुगेको अपूरणीय क्षतिका सम्बन्धमा प्रेस विज्ञप्ति', '2)	आयोगको मिति २०७२/०१/१२ को भूकम्पबाट नेपाली जनतामा पुगेको अपूरणीय क्षतिका सम्बन्धमा प्रेस विज्ञप्ति', 'प्रमुख सूचना आयुक्त श्री कृष्णहरि बाँस्कोटाको अध्यक्षतामा सूचना आयुक्त श्री यशोदादेवी तिम्सिना सहितको उपस्थितिमा आज राष्ट्रिय सूचना आयोगको विशेष बैठक बस्यो । सो बैठकमा पूर्व प्रमुख आयुक्त श्री विनय कसजू, पूर्व सूचना आयुक्त  श्री सविता भण्डारी बराल, कानूनव', 'प्रमुख सूचना आयुक्त श्री कृष्णहरि बाँस्कोटाको अध्यक्षतामा सूचना आयुक्त श्री यशोदादेवी तिम्सिना सहितको उपस्थितिमा आज राष्ट्रिय सूचना आयोगको विशेष बैठक बस्यो । सो बैठकमा पूर्व प्रमुख आयुक्त श्री विनय कसजू, पूर्व सूचना आयुक्त  श्री सविता भण्डारी बराल, कानूनव', '2015-07-04', 'News', 'Published', 1, 18, '', '', '2015-07-02 18:15:00', '0000-00-00 00:00:00'),
(19, 'Special Order Issued by Chief Information Commissioner Mr. Krishna Hari Baskota and Information ....', 'Special Order Issued by Chief Information Commissioner Mr. Krishna Hari Baskota and Information ....', 'Special Order Issued by Chief Information Commissioner Mr. Krishna Hari Baskota and Information Commissioner Mr. Kiran Pokhrel of National\r\nInformation Commission on 17.03.2015\r\n \r\n            A Special Order has been issued to all ministries and central ', 'Special Order Issued by Chief Information Commissioner Mr. Krishna Hari Baskota and Information Commissioner Mr. Kiran Pokhrel of National\r\nInformation Commission on 17.03.2015\r\n \r\n            A Special Order has been issued to all ministries and central ', '2015-07-04', 'News', 'Published', 1, 18, '', '', '2015-07-02 18:15:00', '0000-00-00 00:00:00'),
(20, 'आयोगको मिति २०७१/१२/१८ को प्रेस विज्ञप्ति', 'आयोगको मिति २०७१/१२/१८ को प्रेस विज्ञप्ति', 'काठमाडौं । २०७१ चैत १८ गते बुधबार । राष्ट्रिय सूचना आयोगका प्रमुख आयुक्त कृष्णहरि बाँस्कोटा र आयुक्त यशोदा तिम्सिनाले संयुक्तरुपमा नेपाल सरकारको मातहतमा रहेका प्रशिक्षण प्रदान गर्ने निकायहरुलाई कुनै पनि विषय र क्षेत्रको प्रशिक्षण कार्यक्रम तर्जुमा गर्दा स', 'काठमाडौं । २०७१ चैत १८ गते बुधबार । राष्ट्रिय सूचना आयोगका प्रमुख आयुक्त कृष्णहरि बाँस्कोटा र आयुक्त यशोदा तिम्सिनाले संयुक्तरुपमा नेपाल सरकारको मातहतमा रहेका प्रशिक्षण प्रदान गर्ने निकायहरुलाई कुनै पनि विषय र क्षेत्रको प्रशिक्षण कार्यक्रम तर्जुमा गर्दा स', '2015-07-04', 'News', 'Published', 1, 18, '', '', '2015-07-02 18:15:00', '0000-00-00 00:00:00'),
(21, 'आयोगको मिति २०७१/११/२७ को प्रेस विज्ञप्ति', 'आयोगको मिति २०७१/११/२७ को प्रेस विज्ञप्ति', 'राष्ट्रिय सूचना आयोगका प्रमुख आयुक्त कृष्णहरि बाँस्कोटाले कार्यालय प्रमुखहरुलाई सूचना प्रवाहमा कुनै कञ्जुस्याई नगर्न निर्देशन दिनुभएको छ । बाँकेको नेपालगंजमा राष्ट्रिय सूचना आयोगद्वारा संचालित सूचनाको हक सम्बन्धी प्रशिक्षण कार्यक्रममा संवोधन गर्दै प्रमुख ', 'राष्ट्रिय सूचना आयोगका प्रमुख आयुक्त कृष्णहरि बाँस्कोटाले कार्यालय प्रमुखहरुलाई सूचना प्रवाहमा कुनै कञ्जुस्याई नगर्न निर्देशन दिनुभएको छ । बाँकेको नेपालगंजमा राष्ट्रिय सूचना आयोगद्वारा संचालित सूचनाको हक सम्बन्धी प्रशिक्षण कार्यक्रममा संवोधन गर्दै प्रमुख ', '2015-07-04', 'News', 'Published', 1, 18, '', '', '2015-07-02 18:15:00', '0000-00-00 00:00:00'),
(22, 'आयोगको मिति २०७१/१२/०३ को प्रेस विज्ञप्ति', 'आयोगको मिति २०७१/१२/०३ को प्रेस विज्ञप्ति', 'राष्ट्रिय सूचना आयोगका प्रमुख सूचना आयुक्त कृष्णहरि बाँस्कोटा र सूचना आयुक्त किरण कुमार पोखरेलबाट २०७१ चैत्र ३ गते गरिएको विशेष आदेश\r\nसूचनाको हकसम्बन्धी ऐन, २०६४को दफा ५(३) र सूचनाको हक सम्बन्धी नियमावली, २०६५ को नियम ३ बमोजिम नियमितरुपमा सबै मन्त्रालय र ', 'राष्ट्रिय सूचना आयोगका प्रमुख सूचना आयुक्त कृष्णहरि बाँस्कोटा र सूचना आयुक्त किरण कुमार पोखरेलबाट २०७१ चैत्र ३ गते गरिएको विशेष आदेश\r\nसूचनाको हकसम्बन्धी ऐन, २०६४को दफा ५(३) र सूचनाको हक सम्बन्धी नियमावली, २०६५ को नियम ३ बमोजिम नियमितरुपमा सबै मन्त्रालय र ', '2015-07-04', 'News', 'Published', 1, 18, '', '', '2015-07-02 18:15:00', '0000-00-00 00:00:00'),
(23, 'आयोगको मिति २०७१/१२/०४ को प्रेस विज्ञप्ति', 'आयोगको मिति २०७१/१२/०४ को प्रेस विज्ञप्ति', 'काठमाडौं । २०७१ चैत ०४ गते बुधबार ।\r\n \r\nसंविधानप्रदत्त सूचनाको हकलाई नागरिकको मौलिक हकका रुपमा स्थापित गर्नका लागि राष्ट्रिय सूचना आयोगले सबै मन्त्रालय, केन्द्रीय निकाय र तिनका मातहत कार्यालयहरुको काम कारवाहीलाई पारदर्शी बनाउन सूचना दिने संस्कृतिको विकास ', 'काठमाडौं । २०७१ चैत ०४ गते बुधबार ।\r\n \r\nसंविधानप्रदत्त सूचनाको हकलाई नागरिकको मौलिक हकका रुपमा स्थापित गर्नका लागि राष्ट्रिय सूचना आयोगले सबै मन्त्रालय, केन्द्रीय निकाय र तिनका मातहत कार्यालयहरुको काम कारवाहीलाई पारदर्शी बनाउन सूचना दिने संस्कृतिको विकास ', '2015-07-04', 'News', 'Published', 1, 18, '', '', '2015-07-02 18:15:00', '0000-00-00 00:00:00'),
(24, 'आयोगको मिति २०७१/११/१९ को प्रेस विज्ञप्ति', 'आयोगको मिति २०७१/११/१९ को प्रेस विज्ञप्ति', 'नागरिकको सूचनाको हक स्थापित गर्ने सन्दर्भमा राष्ट्रिय सूचना आयोगद्धारा संचार माध्यमका सम्पादकहरुसंग आज अन्तरक्रिया गरियो ।  अन्तरक्रियामा आयोगका तर्फबाट नागरिकको सूचनाको हक स्थापित गर्न आयोगले खेल्नुनर्पे भूमिकाका बारेमा सम्पादकहरुसंग सुझाब मागिएको थियो ।', 'नागरिकको सूचनाको हक स्थापित गर्ने सन्दर्भमा राष्ट्रिय सूचना आयोगद्धारा संचार माध्यमका सम्पादकहरुसंग आज अन्तरक्रिया गरियो ।  अन्तरक्रियामा आयोगका तर्फबाट नागरिकको सूचनाको हक स्थापित गर्न आयोगले खेल्नुनर्पे भूमिकाका बारेमा सम्पादकहरुसंग सुझाब मागिएको थियो ।', '2015-07-04', 'News', 'Published', 1, 18, '', '', '2015-07-02 18:15:00', '0000-00-00 00:00:00'),
(25, 'आयोगको मिति २०७१/११/१७ को प्रेस विज्ञप्ति', 'आयोगको मिति २०७१/११/१७ को प्रेस विज्ञप्ति', 'राष्ट्रिय सूचना आयोगका प्रमुख आयुक्त कृष्णहरि बाँस्कोटाले नेपाल सरकारका विभागहरुमा सूचना अधिकारी तोक्ने,तीन/तीन महिनामा २० वटा शीर्षकमा स्वतः प्रकाशन गराउने र ती निकायहरुमा मासिकरुपमा सूचना मांग गर्न परेका निवेदन र सूचना प्रवाह गरिएको विवरण संकलन गरी मासि', 'राष्ट्रिय सूचना आयोगका प्रमुख आयुक्त कृष्णहरि बाँस्कोटाले नेपाल सरकारका विभागहरुमा सूचना अधिकारी तोक्ने,तीन/तीन महिनामा २० वटा शीर्षकमा स्वतः प्रकाशन गराउने र ती निकायहरुमा मासिकरुपमा सूचना मांग गर्न परेका निवेदन र सूचना प्रवाह गरिएको विवरण संकलन गरी मासि', '2015-07-04', 'News', 'Published', 1, 18, '', '', '2015-07-02 18:15:00', '0000-00-00 00:00:00'),
(26, 'आयोगको मिति २०७१/११/१५ को प्रेस विज्ञप्ति', 'आयोगको मिति २०७१/११/१५ को प्रेस विज्ञप्ति', 'राष्टिय सूचना आयोगका प्रमुख आयुक्त कृष्णहरि बास्कोटाले नेपाल सरकार मातहतका विभागीय प्रमुखहरुलाई आफ्ना बिभाग अन्तर्गतका सार्वजनिक चासोका सूचना तीन/तीन महिनामा अनिवार्य रुपमा सार्वजनिक गर्न निर्देशन दिनु भएको छ  । सूचनाको हक सम्बन्धी ऐन, २०६४ को दफा ५ र निय', 'राष्टिय सूचना आयोगका प्रमुख आयुक्त कृष्णहरि बास्कोटाले नेपाल सरकार मातहतका विभागीय प्रमुखहरुलाई आफ्ना बिभाग अन्तर्गतका सार्वजनिक चासोका सूचना तीन/तीन महिनामा अनिवार्य रुपमा सार्वजनिक गर्न निर्देशन दिनु भएको छ  । सूचनाको हक सम्बन्धी ऐन, २०६४ को दफा ५ र निय', '2015-07-04', 'News', 'Published', 1, 32, '', '', '2015-07-02 18:15:00', '0000-00-00 00:00:00'),
(27, 'आयोगको मिति २०७१/११/०९ को प्रेस विज्ञप्ति', 'आयोगको मिति २०७१/११/०९ को प्रेस विज्ञप्ति', 'बंगलादेशको राजधानी ढाकामा विश्व बैकको सहयोगमा आयोजित “सूचनाद्वारा शसक्तिकरण दक्षिण एशियामा पारदर्शिताको अभ्यास” विषयक ट्रान्सपरेन्सी एड्भाईजरी ग्रुपको २ दिने बैठक÷कार्यक्रममा सहभागी भै राष्ट्रिय सूचना आयोगका प्रमुख सूचना आयुक्त कृष्णहरि बाँस्कोटा स्वदेश फ', 'बंगलादेशको राजधानी ढाकामा विश्व बैकको सहयोगमा आयोजित “सूचनाद्वारा शसक्तिकरण दक्षिण एशियामा पारदर्शिताको अभ्यास” विषयक ट्रान्सपरेन्सी एड्भाईजरी ग्रुपको २ दिने बैठक÷कार्यक्रममा सहभागी भै राष्ट्रिय सूचना आयोगका प्रमुख सूचना आयुक्त कृष्णहरि बाँस्कोटा स्वदेश फ', '2015-07-04', 'News', 'Published', 1, 18, '', '', '2015-07-02 18:15:00', '0000-00-00 00:00:00'),
(28, 'हेलो राष्ट्रिय सूचना आयोग facebook page संचालनमा', 'हेलो राष्ट्रिय सूचना आयोग facebook page संचालनमा', 'राष्ट्रिय सूचना आयोगले हेलो राष्ट्रिय सूचना आयोग HELLO NIC page संचानलमा ल्याएको छ | सामाजिक सञ्जाल विस्तारसँगै व्यक्ति व्यक्तिबीच सम्बन्ध विस्तार भएको र यसको उपयोग गरी कार्यालय कार्यालयबीच समस्या समाधान गर्न सकिने र सरकार तथा जनताबीचको विश्वास बढाउन मद्द', 'राष्ट्रिय सूचना आयोगले हेलो राष्ट्रिय सूचना आयोग HELLO NIC page संचानलमा ल्याएको छ | सामाजिक सञ्जाल विस्तारसँगै व्यक्ति व्यक्तिबीच सम्बन्ध विस्तार भएको र यसको उपयोग गरी कार्यालय कार्यालयबीच समस्या समाधान गर्न सकिने र सरकार तथा जनताबीचको विश्वास बढाउन मद्द', '2015-07-04', 'News', 'Published', 1, 33, '28.jpg', '', '2015-07-02 18:15:00', '0000-00-00 00:00:00');
INSERT INTO `articles` (`id`, `title_en`, `title_ne`, `description_en`, `description_ne`, `date_created`, `type`, `status`, `user_id`, `category_id`, `image`, `docs`, `created_at`, `updated_at`) VALUES
(29, 'सूचना अधिकारी तथा सञ्चारकर्मीहरुका लागि निवन्ध प्रतियोगिता', 'सूचना अधिकारी तथा सञ्चारकर्मीहरुका लागि निवन्ध प्रतियोगिता', 'राष्ट्रिय सूचना आयोग\r\n\r\nसूचना अधिकारी तथा सञ्चारकर्मीहरुका लागि\r\n\r\nनिवन्ध प्रतियोगिता\r\n\r\nअवधारणा पत्र (२०७१/०७२)\r\n\r\nविषय प्रवेश\r\n\r\n          राज्यका काम कारवाही लोकतान्त्रिक पद्धति अनुरुप खुला र पारदर्शि रुपमा सम्पादन गर्न सूचनाको संरक्षण, सम्बर्दन र प्रच', 'राष्ट्रिय सूचना आयोग\r\n\r\nसूचना अधिकारी तथा सञ्चारकर्मीहरुका लागि\r\n\r\nनिवन्ध प्रतियोगिता\r\n\r\nअवधारणा पत्र (२०७१/०७२)\r\n\r\nविषय प्रवेश\r\n\r\n          राज्यका काम कारवाही लोकतान्त्रिक पद्धति अनुरुप खुला र पारदर्शि रुपमा सम्पादन गर्न सूचनाको संरक्षण, सम्बर्दन र प्रच', '2015-07-04', 'News', 'Published', 1, 27, '', '', '2015-07-02 18:15:00', '0000-00-00 00:00:00'),
(30, 'कार्यालय प्रमुख तथा सूचना अधिकारीहरुका लागि राष्ट्रिय सूचना आयोगको सूचना..', 'कार्यालय प्रमुख तथा सूचना अधिकारीहरुका लागि राष्ट्रिय सूचना आयोगको सूचना..', 'कृपया सूचना पढ्न को लागि यो लिंकमा क्लिक् गर्नुहोस | धन्यवाद', 'कृपया सूचना पढ्न को लागि यो लिंकमा क्लिक् गर्नुहोस | धन्यवाद', '2015-07-04', 'News', 'Published', 1, 27, '', '', '2015-07-02 18:15:00', '0000-00-00 00:00:00'),
(31, 'सार्वजनिक निकायहरुलाई अत्यन्त जरुरी सूचना', 'सार्वजनिक निकायहरुलाई अत्यन्त जरुरी सूचना', 'सूचनाको हकसम्वन्धी ऐन, २०६४ को दफा ५ (१) अनुसारका सार्वजनिक निकायले आफ्नो निकायसँग सम्वन्धित सूचना अद्यावधिक गरी राख्ने र सो को जानकारी अनिवार्य रुपमा आयोगलाई गराउन अनुरोध गरिन्छ । विस्तृत विवरण यहाँवाट डाउनलोड गर्न सकिन्छ', 'सूचनाको हकसम्वन्धी ऐन, २०६४ को दफा ५ (१) अनुसारका सार्वजनिक निकायले आफ्नो निकायसँग सम्वन्धित सूचना अद्यावधिक गरी राख्ने र सो को जानकारी अनिवार्य रुपमा आयोगलाई गराउन अनुरोध गरिन्छ । विस्तृत विवरण यहाँवाट डाउनलोड गर्न सकिन्छ', '2015-07-04', 'News', 'Published', 1, 27, '', '', '2015-07-02 18:15:00', '0000-00-00 00:00:00'),
(32, 'सूचना आयोगमा निवेदन/उजुरी दिदा समावेस गर्नुपर्ने कागजातहरु', 'सूचना आयोगमा निवेदन/उजुरी दिदा समावेस गर्नुपर्ने कागजातहरु', 'राष्ट्रिय सूचना आयोगको अत्यन्त जरुरी सूचना\r\nयस राष्ट्रिय सूचना आयोगमा निवेदन/उजुरी दिदा समावेस गर्नुपर्ने\r\nकागजातहरु\r\n\r\n१.    नेपाली नागरिकता वा नागरिक देखिने कागजात ।\r\n२.    सम्बन्धित कार्यालयका सूचना अधिकारी समक्ष दिएको निवेदनको प्रतिलिपि ।\r\n३.    सूचना', 'राष्ट्रिय सूचना आयोगको अत्यन्त जरुरी सूचना\r\nयस राष्ट्रिय सूचना आयोगमा निवेदन/उजुरी दिदा समावेस गर्नुपर्ने\r\nकागजातहरु\r\n\r\n१.    नेपाली नागरिकता वा नागरिक देखिने कागजात ।\r\n२.    सम्बन्धित कार्यालयका सूचना अधिकारी समक्ष दिएको निवेदनको प्रतिलिपि ।\r\n३.    सूचना', '2015-07-04', 'News', 'Published', 1, 27, '', '', '2015-07-02 18:15:00', '0000-00-00 00:00:00'),
(33, 'सूचना अधिकारीहरूको जानकारी पठाउन अनुरोध', 'सूचना अधिकारीहरूको जानकारी पठाउन अनुरोध', 'सूचनाको हकसम्बन्धी ऐन, २०६४ ले नागरिकको सूचना माग्ने र पाउने अधिकारलाई सहज र सरल बनाउन हरेक सार्वजनिक निकायमा सूचना अधिकारी तोक्नुपर्ने व्यवस्था गरेको छ ।\r\n \r\nआयोगले मन्त्रालयहरू र विभिन्न निकायबाट दिनदिनै सूचना अधिकारीहरूको नाम र सम्पर्क प्राप्त गरिरहेको', 'सूचनाको हकसम्बन्धी ऐन, २०६४ ले नागरिकको सूचना माग्ने र पाउने अधिकारलाई सहज र सरल बनाउन हरेक सार्वजनिक निकायमा सूचना अधिकारी तोक्नुपर्ने व्यवस्था गरेको छ ।\r\n \r\nआयोगले मन्त्रालयहरू र विभिन्न निकायबाट दिनदिनै सूचना अधिकारीहरूको नाम र सम्पर्क प्राप्त गरिरहेको', '2015-07-04', 'News', 'Published', 1, 27, '', '', '2015-07-02 18:15:00', '0000-00-00 00:00:00'),
(34, 'स्वतः प्रकाशन गर्नु पर्ने विवरण', 'स्वतः प्रकाशन गर्नु पर्ने विवरण', 'नेपाल सरकार\r\nराष्ट्रिय सूचना आयोग\r\nकोटेश्वर, पेरिसडांडा, काठमाडौं\r\nअत्यन्त जरुरी सूचना\r\nसूचना प्रकाशित मिति २०६९।९।२३\r\n\r\nसूचनाको हकसम्बन्धी ऐन, २०६४ को दफा २ (क) अनुसारका सार्वजनिक निकायले आफ्नो निकायसंग सम्बन्धित सूचना अद्यावधिक गरी राख्नु पर्ने, सार्वजन', 'नेपाल सरकार\r\nराष्ट्रिय सूचना आयोग\r\nकोटेश्वर, पेरिसडांडा, काठमाडौं\r\nअत्यन्त जरुरी सूचना\r\nसूचना प्रकाशित मिति २०६९।९।२३\r\n\r\nसूचनाको हकसम्बन्धी ऐन, २०६४ को दफा २ (क) अनुसारका सार्वजनिक निकायले आफ्नो निकायसंग सम्बन्धित सूचना अद्यावधिक गरी राख्नु पर्ने, सार्वजन', '2015-07-04', 'News', 'Published', 1, 27, '', '', '2015-07-02 18:15:00', '0000-00-00 00:00:00'),
(35, 'सूचनाको हकसम्बन्धी ऐन, २०६४ मा अन्यत्र उल्लेखित काम, कर्तव्य र अधिकारको अतिरिक्त आयोगको काम, कर्तव्य र अधिकार देहाय बमोजिम हुनेछः', 'सूचनाको हकसम्बन्धी ऐन, २०६४ मा अन्यत्र उल्लेखित काम, कर्तव्य र अधिकारको अतिरिक्त आयोगको काम, कर्तव्य र अधिकार देहाय बमोजिम हुनेछः', '(क)  सार्वजनिक निकायमा रहेको सार्वजनिक महत्वको सूचनासम्बन्धी अभिलेख, लिखत तथा अन्य सामग्रीको अध्ययन तथा अवलोकन गर्ने |\r\n(ख)  त्यस्तो निकायमा रहेको अभिलेख, लिखत वा अन्य सामग्रीसम्बन्धी सूचना सूचिकृत गरी मिलाई राख्न आदेश दिने |\r\n(ग)  नागरिकको जानकारीको लागि', '(क)  सार्वजनिक निकायमा रहेको सार्वजनिक महत्वको सूचनासम्बन्धी अभिलेख, लिखत तथा अन्य सामग्रीको अध्ययन तथा अवलोकन गर्ने |\r\n(ख)  त्यस्तो निकायमा रहेको अभिलेख, लिखत वा अन्य सामग्रीसम्बन्धी सूचना सूचिकृत गरी मिलाई राख्न आदेश दिने |\r\n(ग)  नागरिकको जानकारीको लागि', '2015-07-04', 'News', 'Published', 2, 27, '', '', '2015-07-02 18:15:00', '0000-00-00 00:00:00'),
(36, 'वार्षिक प्रतिवेदन २०६८ – २०६९', 'वार्षिक प्रतिवेदन २०६८ – २०६९', 'सूचना शक्ति हो । यो शक्तिलाई हाम्रो संविधानले नागरिकको मौलिक हक मानेको छ । संविधान प्रदत्त यो मौलिक हकवारे सूचनाको हकसम्वन्धी ऐनमा व्यवस्था भए अनुसार गुदी कुरा के भने, सार्वजनिक निकायले गर्ने वा गरेको सार्वजनिक महत्व र व्यक्तिको आफूसँग सम्वन्धित काम,तत्सम', 'सूचना शक्ति हो । यो शक्तिलाई हाम्रो संविधानले नागरिकको मौलिक हक मानेको छ । संविधान प्रदत्त यो मौलिक हकवारे सूचनाको हकसम्वन्धी ऐनमा व्यवस्था भए अनुसार गुदी कुरा के भने, सार्वजनिक निकायले गर्ने वा गरेको सार्वजनिक महत्व र व्यक्तिको आफूसँग सम्वन्धित काम,तत्सम', '2015-07-04', 'News', 'Published', 1, 29, '', '', '2015-07-02 18:15:00', '0000-00-00 00:00:00'),
(37, 'वार्षिक प्रतिवेदन २०६७ – २०६८', 'वार्षिक प्रतिवेदन २०६७ – २०६८', 'सूचनाको हक लागू गर्नु भनेको अँध्यारोबाट उज्यालोतिरको यात्राको थालनी हो । अँध्यारोबाट उज्यालोतरको यात्रा सहज र निष्कटंक हुदैँन । विभिन्न बाधा व्यवधानहरू आइलाग्छन् । सबैभन्दा ठूलो व्यवधान त पुरानो मानसिकतालाई त्याग्न नसक्नु नै हो । समाज र सरकार पारदर्शी भयो', 'सूचनाको हक लागू गर्नु भनेको अँध्यारोबाट उज्यालोतिरको यात्राको थालनी हो । अँध्यारोबाट उज्यालोतरको यात्रा सहज र निष्कटंक हुदैँन । विभिन्न बाधा व्यवधानहरू आइलाग्छन् । सबैभन्दा ठूलो व्यवधान त पुरानो मानसिकतालाई त्याग्न नसक्नु नै हो । समाज र सरकार पारदर्शी भयो', '2015-07-04', 'News', 'Published', 1, 29, '', '', '2015-07-02 18:15:00', '0000-00-00 00:00:00'),
(38, 'वार्षिक प्रतिवेदन २०६५ – २०६६', 'वार्षिक प्रतिवेदन २०६५ – २०६६', 'नेपालको अन्तरिम संिवधानले प्रत्याभूत गरेको नागरिकको सूचनाको हकलाई कार्यान्वयन गर्न सूचनाको हकसम्बन्धी ऐन २०६४ आएको हो । यो एने २०६४ साउन ५ गते व्यवस्थापिका ससंद्बाट पारित भई भदौ ३ गतेदेखि लागू भयो । ऐन कार्यान्वयनलाई प्रभावकारी र सरल बनाउन २०६५ माघ २७ गते', 'नेपालको अन्तरिम संिवधानले प्रत्याभूत गरेको नागरिकको सूचनाको हकलाई कार्यान्वयन गर्न सूचनाको हकसम्बन्धी ऐन २०६४ आएको हो । यो एने २०६४ साउन ५ गते व्यवस्थापिका ससंद्बाट पारित भई भदौ ३ गतेदेखि लागू भयो । ऐन कार्यान्वयनलाई प्रभावकारी र सरल बनाउन २०६५ माघ २७ गते', '2015-07-04', 'News', 'Published', 1, 29, '', '', '2015-07-02 18:15:00', '0000-00-00 00:00:00'),
(39, 'वार्षिक प्रतिवेदन २०६६ – २०६७', 'वार्षिक प्रतिवेदन २०६६ – २०६७', 'लोकतान्त्रिक व्यवस्थामा जनता नै देशको मालिक हुन्छ भन्नुको तात्पर्य हो राज्यका सबै स्रोत साधन तथा राज्य संचालनका सबै अधिकार जनतामा हुन्छ । जनताले राज्यका सबै गतिविधिहरूमा हिस्सा लिन पाउँछ । सबै सार्वजनिक निकायले गरेका कामको जानकारी र तीसँग भएका सूचनाको माल', 'लोकतान्त्रिक व्यवस्थामा जनता नै देशको मालिक हुन्छ भन्नुको तात्पर्य हो राज्यका सबै स्रोत साधन तथा राज्य संचालनका सबै अधिकार जनतामा हुन्छ । जनताले राज्यका सबै गतिविधिहरूमा हिस्सा लिन पाउँछ । सबै सार्वजनिक निकायले गरेका कामको जानकारी र तीसँग भएका सूचनाको माल', '2015-07-04', 'News', 'Published', 1, 29, '', '', '2015-07-02 18:15:00', '0000-00-00 00:00:00'),
(40, 'जिल्ला जनस्वास्थ्य कार्यालय धनुषालाई सूचना दिन आयोगबाट आदेश भएकोमा सूचना पाइन भनी लामो समयदेखि निवेद', 'जिल्ला जनस्वास्थ्य कार्यालय धनुषालाई सूचना दिन आयोगबाट आदेश भएकोमा सूचना पाइन भनी लामो समयदेखि निवेद', 'जिल्ला जनस्वास्थ्य कार्यालय धनुषालाई सूचना दिन आयोगबाट आदेश भएकोमा सूचना पाइन भनी लामो समयदेखि निवेदन गर्न नआएकाले तामेलीमा राखिएको । ', 'जिल्ला जनस्वास्थ्य कार्यालय धनुषालाई सूचना दिन आयोगबाट आदेश भएकोमा सूचना पाइन भनी लामो समयदेखि निवेदन गर्न नआएकाले तामेलीमा राखिएको । ', '2015-07-04', 'News', 'Published', 1, 32, '', '40.pdf', '2015-07-02 18:15:00', '0000-00-00 00:00:00'),
(41, 'भोला उच्च मावि बारालाई सूचना दिन आयोगबाट आदेश भएकोमा सूचना पाइन भनी लामो समयदेखि निवेदन गर्न नआएकाले', 'भोला उच्च मावि बारालाई सूचना दिन आयोगबाट आदेश भएकोमा सूचना पाइन भनी लामो समयदेखि निवेदन गर्न नआएकाले', 'भोला उच्च मावि बारालाई सूचना दिन आयोगबाट आदेश भएकोमा सूचना पाइन भनी लामो समयदेखि निवेदन गर्न नआएकाले तामेलीमा राखिएको । ', 'भोला उच्च मावि बारालाई सूचना दिन आयोगबाट आदेश भएकोमा सूचना पाइन भनी लामो समयदेखि निवेदन गर्न नआएकाले तामेलीमा राखिएको । ', '2015-07-04', 'News', 'Published', 1, 32, '', '41.pdf', '2015-07-02 18:15:00', '0000-00-00 00:00:00'),
(42, '3.	जलेश्वर नगरपालिकालाई सूचना दिन आयोगबाट आदेश भएकोमा सूचना पाइन भनी लामो समयदेखि निवेदन गर्न नआएकाले त', '3.	जलेश्वर नगरपालिकालाई सूचना दिन आयोगबाट आदेश भएकोमा सूचना पाइन भनी लामो समयदेखि निवेदन गर्न नआएकाले त', 'जलेश्वर नगरपालिकालाई सूचना दिन आयोगबाट आदेश भएकोमा सूचना पाइन भनी लामो समयदेखि निवेदन गर्न नआएकाले तामेलीमा राखिएको ।', 'जलेश्वर नगरपालिकालाई सूचना दिन आयोगबाट आदेश भएकोमा सूचना पाइन भनी लामो समयदेखि निवेदन गर्न नआएकाले तामेलीमा राखिएको ।', '2015-07-04', 'News', 'Published', 1, 32, '', '42.pdf', '2015-07-02 18:15:00', '0000-00-00 00:00:00'),
(43, '4.	कमलप्रसाद इटनीको पुनरावेदनमा सूचना दिनु भन्ने आदेश उपर सर्वाेच्च अदालतमा विचाराधीन रहेकाले पछि जगाउन', '4.	कमलप्रसाद इटनीको पुनरावेदनमा सूचना दिनु भन्ने आदेश उपर सर्वाेच्च अदालतमा विचाराधीन रहेकाले पछि जगाउन', 'कमलप्रसाद इटनीको पुनरावेदनमा सूचना दिनु भन्ने आदेश उपर सर्वाेच्च अदालतमा विचाराधीन रहेकाले पछि जगाउने गरी मूल्तवीमा राखिएको ।', 'कमलप्रसाद इटनीको पुनरावेदनमा सूचना दिनु भन्ने आदेश उपर सर्वाेच्च अदालतमा विचाराधीन रहेकाले पछि जगाउने गरी मूल्तवीमा राखिएको ।', '2015-07-04', 'News', 'Published', 1, 31, '', '43.pdf', '2015-07-02 18:15:00', '0000-00-00 00:00:00'),
(44, '5.	मुकेश कुमार सिहको पुनरावेदनमा सूचना दिनु भन्ने आदेश उपर पुनरावेदन अदालतमा विचाराधीन रहेकाले पछि जगाउ', '5.	मुकेश कुमार सिहको पुनरावेदनमा सूचना दिनु भन्ने आदेश उपर पुनरावेदन अदालतमा विचाराधीन रहेकाले पछि जगाउ', 'मुकेश कुमार सिहको पुनरावेदनमा सूचना दिनु भन्ने आदेश उपर पुनरावेदन अदालतमा विचाराधीन रहेकाले पछि जगाउने गरी मूल्तवीमा राखिएको ।', 'मुकेश कुमार सिहको पुनरावेदनमा सूचना दिनु भन्ने आदेश उपर पुनरावेदन अदालतमा विचाराधीन रहेकाले पछि जगाउने गरी मूल्तवीमा राखिएको ।', '2015-07-04', 'News', 'Published', 1, 31, '', '44.pdf', '2015-07-02 18:15:00', '0000-00-00 00:00:00'),
(45, '6.	पवन केसीको पुनरावेदनमा सूचना दिनु भन्ने आदेश उपर पुनरावेदन अदालतमा विचाराधीन रहेकाले पछि जगाउने गरी', '6.	पवन केसीको पुनरावेदनमा सूचना दिनु भन्ने आदेश उपर पुनरावेदन अदालतमा विचाराधीन रहेकाले पछि जगाउने गरी', 'पवन केसीको पुनरावेदनमा सूचना दिनु भन्ने आदेश उपर पुनरावेदन अदालतमा विचाराधीन रहेकाले पछि जगाउने गरी मूल्तवीमा राखिएको ।', 'पवन केसीको पुनरावेदनमा सूचना दिनु भन्ने आदेश उपर पुनरावेदन अदालतमा विचाराधीन रहेकाले पछि जगाउने गरी मूल्तवीमा राखिएको ।', '2015-07-04', 'News', 'Published', 1, 31, '', '45.pdf', '2015-07-02 18:15:00', '0000-00-00 00:00:00'),
(46, '7.	तारानाथ दाहालको पुनरावेदनमा सूचना दिनु भन्ने आदेश उपर सर्वाेच्च अदालतमा विचाराधीन रहेकाले पछि जगाउने', '7.	तारानाथ दाहालको पुनरावेदनमा सूचना दिनु भन्ने आदेश उपर सर्वाेच्च अदालतमा विचाराधीन रहेकाले पछि जगाउने', 'तारानाथ दाहालको पुनरावेदनमा सूचना दिनु भन्ने आदेश उपर सर्वाेच्च अदालतमा विचाराधीन रहेकाले पछि जगाउने गरी मूल्तवीमा राखिएको ।', 'तारानाथ दाहालको पुनरावेदनमा सूचना दिनु भन्ने आदेश उपर सर्वाेच्च अदालतमा विचाराधीन रहेकाले पछि जगाउने गरी मूल्तवीमा राखिएको ।', '2015-07-04', 'News', 'Published', 2, 31, '', '46.pdf', '2015-07-02 18:15:00', '0000-00-00 00:00:00'),
(47, '8.	जितेन्द्र कुमार झा को पुनरावेदनमा सूचना दिनु भन्ने आदेश उपर सर्वाेच्च अदालतमा विचाराधीन रहेकाले पछि', '8.	जितेन्द्र कुमार झा को पुनरावेदनमा सूचना दिनु भन्ने आदेश उपर सर्वाेच्च अदालतमा विचाराधीन रहेकाले पछि', 'जितेन्द्र कुमार झा को पुनरावेदनमा सूचना दिनु भन्ने आदेश उपर सर्वाेच्च अदालतमा विचाराधीन रहेकाले पछि जगाउने गरी मूल्तवीमा राखिएको ।', 'जितेन्द्र कुमार झा को पुनरावेदनमा सूचना दिनु भन्ने आदेश उपर सर्वाेच्च अदालतमा विचाराधीन रहेकाले पछि जगाउने गरी मूल्तवीमा राखिएको ।', '2015-07-04', 'News', 'Published', 1, 31, '', '47.pdf', '2015-07-02 18:15:00', '0000-00-00 00:00:00'),
(48, 'सुन्दर कुमार घिमिरेको पुनरावेदनमा सूचना दिन भन्ने आदेश उपर सर्वाेच्च अदालतमा विचाराधीन रहेकाले पछि', 'सुन्दर कुमार घिमिरेको पुनरावेदनमा सूचना दिनु भन्ने आदेश उपर सर्वाेच्च अदालतमा विचाराधीन रहेकाले पछि', 'सुन्दर कुमार घिमिरेको पुनरावेदनमा सूचना दिनु भन्ने आदेश उपर सर्वाेच्च अदालतमा विचाराधीन रहेकाले पछि जगाउने गरी मूल्तवीमा राखिएको । ', 'सुन्दर कुमार घिमिरेको पुनरावेदनमा सूचना दिनु भन्ने आदेश उपर सर्वाेच्च अदालतमा विचाराधीन रहेकाले पछि जगाउने गरी मूल्तवीमा राखिएको । ', '2015-07-04', 'News', 'Published', 2, 31, '', '48.pdf', '2015-07-02 18:15:00', '0000-00-00 00:00:00'),
(49, 'विजय अर्यालको पुनरावेदनमा सर्वाच्च अदालतको र्फैसला बमोजिम सूचना उपलब्ध गराउन सकिने हुनाले लगतकट्टा', 'विजय अर्यालको पुनरावेदनमा सर्वाच्च अदालतको र्फैसला बमोजिम सूचना उपलब्ध गराउन सकिने हुनाले लगतकट्टा', 'विजय अर्यालको पुनरावेदनमा  सर्वाच्च अदालतको र्फैसला बमोजिम सूचना उपलब्ध गराउन सकिने हुनाले लगतकट्टा गरिएको ।', 'विजय अर्यालको पुनरावेदनमा  सर्वाच्च अदालतको र्फैसला बमोजिम सूचना उपलब्ध गराउन सकिने हुनाले लगतकट्टा गरिएको ।', '2015-07-04', 'News', 'Published', 2, 31, '', '49.pdf', '2015-07-02 18:15:00', '0000-00-00 00:00:00'),
(50, 'शोम ढकालको पुनरावेदनमा सर्वाच्च अदालतको र्फैसला बमोजिम सूचना उपलब्ध गराउन सकिने हुनाले लगतकट्टा गरि', 'शोम ढकालको पुनरावेदनमा सर्वाच्च अदालतको र्फैसला बमोजिम सूचना उपलब्ध गराउन सकिने हुनाले लगतकट्टा गरि', 'शोम ढकालको पुनरावेदनमा  सर्वाच्च अदालतको र्फैसला बमोजिम सूचना उपलब्ध गराउन सकिने हुनाले लगतकट्टा गरिएको ।', 'शोम ढकालको पुनरावेदनमा  सर्वाच्च अदालतको र्फैसला बमोजिम सूचना उपलब्ध गराउन सकिने हुनाले लगतकट्टा गरिएको ।', '2015-07-04', 'News', 'Published', 2, 31, '', '50.pdf', '2015-07-02 18:15:00', '0000-00-00 00:00:00'),
(51, 'त्रैमासिक विवरण २०७१ माघ देखि २०७१ चैत्र सम्म', 'त्रैमासिक विवरण २०७१ माघ देखि २०७१ चैत्र सम्म', 'राष्ट्रिय सूचना आयोगको २०७१ माघ देखि २०७१ चैत्र सम्मको त्रैमासिक प्रकाशन ', 'राष्ट्रिय सूचना आयोगको २०७१ माघ देखि २०७१ चैत्र सम्मको त्रैमासिक प्रकाशन ', '2015-07-04', 'News', 'Published', 2, 20, '', '51.pdf', '2015-07-02 18:15:00', '0000-00-00 00:00:00'),
(52, 'त्रैमासिक विवरण २०७१ कार्तिक - २०७१ पौष', 'त्रैमासिक विवरण २०७१ कार्तिक - २०७१ पौष', 'त्रैमासिक विवरण २०७१ कार्तिक देखि २०७१ पौष मसान्त सम्म ', 'त्रैमासिक विवरण २०७१ कार्तिक देखि २०७१ पौष मसान्त सम्म ', '2015-07-04', 'News', 'Published', 2, 20, '', '52.pdf', '2015-07-02 18:15:00', '0000-00-00 00:00:00'),
(53, 'वार्षिक विवरण २०७०-२०७१', 'वार्षिक विवरण २०७०-२०७१', 'download गरनुहोस । ', 'download गरनुहोस । ', '2015-07-04', 'News', 'Published', 2, 20, '', '53.pdf', '2015-07-02 18:15:00', '0000-00-00 00:00:00'),
(54, 'वार्षिक विवरण २०७०-२०७१', 'वार्षिक विवरण २०७०-२०७१', 'download गरनुहोस । ', 'download गरनुहोस । ', '2015-07-04', 'News', 'Published', 2, 20, '', '54.pdf', '2015-07-02 18:15:00', '0000-00-00 00:00:00'),
(55, 'त्रैमाशिक विवरण (२०७१ वैशाख देखि २०७१ आषाढ सम्म)', 'त्रैमाशिक विवरण (२०७१ वैशाख देखि २०७१ आषाढ सम्म)', 'सूचनाको हकसम्बन्धी ऐन, २०६४ को दफा ५(३) बमोजिमको विवरण ऐनको दफा ५(४) बमोजिम प्रकाशित विवरण: आ. व. २०७०।०७१ ( २०७१ वैशाख देखि २०७१ आषाढ )को विवरण यहाँबाट डाउनलोड गर्न सकिन्छ । ', 'सूचनाको हकसम्बन्धी ऐन, २०६४ को दफा ५(३) बमोजिमको विवरण ऐनको दफा ५(४) बमोजिम प्रकाशित विवरण: आ. व. २०७०।०७१ ( २०७१ वैशाख देखि २०७१ आषाढ )को विवरण यहाँबाट डाउनलोड गर्न सकिन्छ । ', '2015-07-04', 'News', 'Published', 2, 20, '', '55.pdf', '2015-07-02 18:15:00', '0000-00-00 00:00:00'),
(56, 'त्रैमाशिक विवरण (२०७० माघ देखि २०७० चैत्र सम्म)', 'त्रैमाशिक विवरण (२०७० माघ देखि २०७० चैत्र सम्म)', 'सूचनाको हकसम्बन्धी ऐन, २०६४ को दफा ५(३) बमोजिमको विवरण ऐनको दफा ५(४) बमोजिम प्रकाशित विवरण : आ. व. २०७०।०७१ ( २०७० माघ देखि २०७० चैत्र )को विवरण :यहाँबाट डाउनलोड गर्न सकिन्छ । ', 'सूचनाको हकसम्बन्धी ऐन, २०६४ को दफा ५(३) बमोजिमको विवरण ऐनको दफा ५(४) बमोजिम प्रकाशित विवरण : आ. व. २०७०।०७१ ( २०७० माघ देखि २०७० चैत्र )को विवरण :यहाँबाट डाउनलोड गर्न सकिन्छ । ', '2015-07-04', 'News', 'Published', 2, 20, '', '56.pdf', '2015-07-02 18:15:00', '0000-00-00 00:00:00'),
(57, 'त्रैमाशिक विवरण ( २०७० कार्तिक देखि २०७० पौष )', 'त्रैमाशिक विवरण ( २०७० कार्तिक देखि २०७० पौष )', 'सूचनाको हकसम्बन्धी ऐन, २०६४ को दफा ५(३) बमोजिमको विवरण ऐनको दफा ५(४) बमोजिम प्रकाशित विवरण आ. व. २०७०।०७१ ( २०७० कार्तिक देखि २०७० पौष )को विवरण ', 'सूचनाको हकसम्बन्धी ऐन, २०६४ को दफा ५(३) बमोजिमको विवरण ऐनको दफा ५(४) बमोजिम प्रकाशित विवरण आ. व. २०७०।०७१ ( २०७० कार्तिक देखि २०७० पौष )को विवरण ', '2015-07-04', 'News', 'Published', 2, 20, '', '57.pdf', '2015-07-02 18:15:00', '0000-00-00 00:00:00'),
(58, 'त्रैमाशिक विवरण २०७० (श्रावण देखि असोज सम्म)', 'त्रैमाशिक विवरण २०७० (श्रावण देखि असोज सम्म)', 'सूचनाको हकसम्बन्धी ऐन, २०६४ को दफा ५(३) बमोजिमको विवरण, ऐनको दफा ५(४) बमोजिम प्रकाशित  आ. व. २०७०।०७१ ( २०७० श्रावण देखि २०७० असोज सम्म )को विवरण:\r\nयहाँबाट डाउनलोड गर्न सकिन्छ ।\r\n', 'सूचनाको हकसम्बन्धी ऐन, २०६४ को दफा ५(३) बमोजिमको विवरण, ऐनको दफा ५(४) बमोजिम प्रकाशित  आ. व. २०७०।०७१ ( २०७० श्रावण देखि २०७० असोज सम्म )को विवरण:\r\nयहाँबाट डाउनलोड गर्न सकिन्छ ।\r\n', '2015-07-04', 'News', 'Published', 2, 20, '', '58.pdf', '2015-07-02 18:15:00', '0000-00-00 00:00:00'),
(59, '२०६९ श्रावण देखि २०७० आषाढ मसान्त )को विवरण', '२०६९ श्रावण देखि २०७० आषाढ मसान्त )को विवरण', 'सूचनाको हकसम्बन्धी ऐन, २०६४ को दफा ५(३) बमोजिमको विवरण ऐ.  ऐनको दफा ५(४) बमोजिम प्रकाशित विवरण : आ. व. २०६९।०७० ( २०६९ श्रावण देखि २०७० आषाढ मसान्त )को विवरण :\r\nयहाँबाट डाउनलोड गर्न सकिन्छ । \r\n', 'सूचनाको हकसम्बन्धी ऐन, २०६४ को दफा ५(३) बमोजिमको विवरण ऐ.  ऐनको दफा ५(४) बमोजिम प्रकाशित विवरण : आ. व. २०६९।०७० ( २०६९ श्रावण देखि २०७० आषाढ मसान्त )को विवरण :\r\nयहाँबाट डाउनलोड गर्न सकिन्छ । \r\n', '2015-07-04', 'News', 'Published', 2, 20, '', '59.pdf', '2015-07-02 18:15:00', '0000-00-00 00:00:00'),
(60, 'त्रैमाशिक विवरण २०७० (बैशाख देखि आषाढ सम्म)', 'त्रैमाशिक विवरण २०७० (बैशाख देखि आषाढ सम्म)', 'सूचनाको हकसम्बन्धी ऐन, २०६४ को दफा ५(३) बमोजिमको विवरण ऐनको दफा ५(४) बमोजिम प्रकाशित विवरण: आ. व. २०६९।०७० ( २०७०बैशाख देखि २०७०आषाढ मसान्त सम्म)को विवरण:\r\nयहाँबाट डाउनलोड गर्न सकिन्छ । \r\n', 'सूचनाको हकसम्बन्धी ऐन, २०६४ को दफा ५(३) बमोजिमको विवरण ऐनको दफा ५(४) बमोजिम प्रकाशित विवरण: आ. व. २०६९।०७० ( २०७०बैशाख देखि २०७०आषाढ मसान्त सम्म)को विवरण:\r\nयहाँबाट डाउनलोड गर्न सकिन्छ । \r\n', '0000-00-00', 'News', 'Published', 2, 20, '', '60.pdf', '2015-07-02 18:15:00', '0000-00-00 00:00:00'),
(61, 'त्रैमासिक विवरण २०६९ (माघ देखि चैत्र सम्म)', 'त्रैमासिक विवरण २०६९ (माघ देखि चैत्र सम्म)\r\n', 'सूचनाको हकसम्बन्धी ऐन, २०६४ को दफा ५ (३) को बमोजिम विवरण ऐनको ५(४) बमोजिम प्रकाशित विवरण:\n\nआ.व. २०६९-७० (२०६९ माघ देखि २०६९ चैत्र मसान्तसम्म) को  विवरण: यहाँ बाट डाउनलोड गर्न सकिन्छ । \n', 'सूचनाको हकसम्बन्धी ऐन, २०६४ को दफा ५ (३) को बमोजिम विवरण ऐनको ५(४) बमोजिम प्रकाशित विवरण:\n\nआ.व. २०६९-७० (२०६९ माघ देखि २०६९ चैत्र मसान्तसम्म) को  विवरण: यहाँ बाट डाउनलोड गर्न सकिन्छ । \n', '2015-07-04', 'News', 'Published', 2, 31, '', '61.pdf', '2015-07-02 18:15:00', '0000-00-00 00:00:00'),
(62, 'new article', 'किनारा गर्ने सम्बन्धी कार्यविधि', 'new article', 'किनारा गर्ने सम्बन्धी कार्यविधि', '2015-07-07', 'nw', 'Published', 2, 7, '', '', '2015-07-02 18:15:00', '0000-00-00 00:00:00'),
(63, 'new article has been publishde', 'किनारा गर्ने सम्बन्धी कार्यविधि', 'new article has been publishde', 'किनारा गर्ने सम्बन्धी कार्यविधि', '2016-07-01', 'hello', 'Published', 2, 30, '', '', '2015-07-02 18:15:00', '0000-00-00 00:00:00');

-- --------------------------------------------------------

--
-- Table structure for table `articles_tag`
--

CREATE TABLE IF NOT EXISTS `articles_tag` (
  `article_id` int(10) unsigned DEFAULT NULL,
  `tag_id` int(10) unsigned DEFAULT NULL,
  `created_at` timestamp NOT NULL DEFAULT '0000-00-00 00:00:00',
  `updated_at` timestamp NOT NULL DEFAULT '0000-00-00 00:00:00',
  KEY `articles_tag_article_id_index` (`article_id`),
  KEY `articles_tag_tag_id_index` (`tag_id`)
) ENGINE=InnoDB DEFAULT CHARSET=utf8 COLLATE=utf8_unicode_ci;

-- --------------------------------------------------------

--
-- Table structure for table `categories`
--

CREATE TABLE IF NOT EXISTS `categories` (
  `id` int(10) unsigned NOT NULL AUTO_INCREMENT,
  `name` varchar(255) COLLATE utf8_unicode_ci NOT NULL,
  `description` varchar(255) COLLATE utf8_unicode_ci NOT NULL,
  `created_at` timestamp NOT NULL DEFAULT '0000-00-00 00:00:00',
  `updated_at` timestamp NOT NULL DEFAULT '0000-00-00 00:00:00',
  PRIMARY KEY (`id`)
) ENGINE=InnoDB  DEFAULT CHARSET=utf8 COLLATE=utf8_unicode_ci AUTO_INCREMENT=34 ;

--
-- Dumping data for table `categories`
--

INSERT INTO `categories` (`id`, `name`, `description`, `created_at`, `updated_at`) VALUES
(5, 'गृहपृष्ठ', 'गृहपृष्ठ', '2015-06-20 05:20:57', '2015-06-20 05:28:44'),
(6, 'आयोग', 'आयोग', '2015-06-20 05:21:30', '2015-06-20 05:21:30'),
(7, 'प्रकाशनहरु', 'प्रकाशनहरु\r\n', '2015-06-20 05:22:34', '2015-06-20 05:22:34'),
(8, 'निर्णयहरु', 'निर्णयहरु', '2015-06-20 05:24:17', '2015-06-20 05:24:17'),
(9, 'सम्बन्धित कानुन', 'सम्बन्धित कानुन', '2015-06-20 05:24:32', '2015-06-20 05:24:32'),
(10, 'सूचना अधिकारीहरु', 'सूचना अधिकारीहरु', '2015-06-20 05:24:45', '2015-06-20 05:24:45'),
(11, 'निवेदन / उजूरीका ढांचा', 'निवेदन / उजूरीका ढांचा', '2015-06-20 05:25:05', '2015-06-20 05:25:05'),
(12, 'त्रैमासिक प्रकाशनहरु', 'त्रैमासिक प्रकाशनहरु', '2015-06-20 05:25:23', '2015-06-20 05:25:23'),
(13, 'स्वत: प्रकाशनहरु', 'स्वत: प्रकाशनहरु', '2015-06-20 05:25:41', '2015-06-20 05:25:41'),
(14, 'विविध', 'विविध', '2015-06-20 05:26:02', '2015-06-20 05:26:02'),
(15, 'मीडिया', 'मीडिया', '2015-06-20 05:26:22', '2015-06-20 05:26:22'),
(16, 'राष्ट्रिय सूचना आयोगको संगठन तालिका', 'राष्ट्रिय सूचना आयोगको संगठन तालिका', '2015-06-20 05:26:45', '2015-06-20 05:26:45'),
(17, 'आयोगका कार्यविधि', 'आयोगका कार्यविधि', '2015-06-20 05:52:20', '2015-06-20 05:52:20'),
(18, 'आयोगका बिज्ञप्ती', 'आयोगका बिज्ञप्ती', '2015-06-20 05:52:43', '2015-06-20 05:52:43'),
(19, 'आयोगको डायरी', 'आयोगको डायरी', '2015-06-20 05:53:10', '2015-06-20 05:53:10'),
(20, 'त्रैमासिक प्रकाशन', 'त्रैमासिक प्रकाशन', '2015-06-20 05:53:30', '2015-06-20 05:53:30'),
(21, 'आयोगको अत्यन्त जरुरी सूचना', 'आयोगको अत्यन्त जरुरी सूचना', '0000-00-00 00:00:00', '0000-00-00 00:00:00'),
(22, '\r\nसफलताका कथाहरु ', '\r\nसफलताका कथाहरु', '0000-00-00 00:00:00', '0000-00-00 00:00:00'),
(27, 'जरुरी सूचना     ', 'जरुरी सूचना  ', '0000-00-00 00:00:00', '0000-00-00 00:00:00'),
(28, 'काम,कर्तब्य र अधिकार', 'काम,कर्तब्य र अधिकार', '0000-00-00 00:00:00', '0000-00-00 00:00:00'),
(29, 'बार्षिक प्रतिबेदन     ', 'बार्षिक प्रतिबेदन', '0000-00-00 00:00:00', '0000-00-00 00:00:00'),
(30, 'अन्य प्रकाशन              ', 'अन्य प्रकाशन   ', '0000-00-00 00:00:00', '0000-00-00 00:00:00'),
(31, 'पुनरावेदन उपरको निर्णय', 'पुनरावेदन उपरको निर्णय', '0000-00-00 00:00:00', '0000-00-00 00:00:00'),
(32, 'समाचार', 'समाचार', '0000-00-00 00:00:00', '0000-00-00 00:00:00'),
(33, 'कार्टून', 'कार्टून', '0000-00-00 00:00:00', '0000-00-00 00:00:00');

-- --------------------------------------------------------

--
-- Table structure for table `dynamic_contents`
--

CREATE TABLE IF NOT EXISTS `dynamic_contents` (
  `id` int(10) unsigned NOT NULL AUTO_INCREMENT,
  `title_en` varchar(255) COLLATE utf8_unicode_ci NOT NULL,
  `description_ne` varchar(255) COLLATE utf8_unicode_ci NOT NULL,
  `status` varchar(255) COLLATE utf8_unicode_ci NOT NULL,
  `image` text COLLATE utf8_unicode_ci NOT NULL,
  `user_id` int(10) unsigned NOT NULL,
  `created_at` timestamp NOT NULL DEFAULT '0000-00-00 00:00:00',
  `updated_at` timestamp NOT NULL DEFAULT '0000-00-00 00:00:00',
  `description_en` varchar(255) COLLATE utf8_unicode_ci NOT NULL,
  `title_ne` varchar(255) COLLATE utf8_unicode_ci NOT NULL,
  `type` varchar(50) COLLATE utf8_unicode_ci NOT NULL,
  PRIMARY KEY (`id`),
  KEY `dynamic_contents_user_id_index` (`user_id`)
) ENGINE=InnoDB  DEFAULT CHARSET=utf8 COLLATE=utf8_unicode_ci AUTO_INCREMENT=16 ;

--
-- Dumping data for table `dynamic_contents`
--

INSERT INTO `dynamic_contents` (`id`, `title_en`, `description_ne`, `status`, `image`, `user_id`, `created_at`, `updated_at`, `description_en`, `title_ne`, `type`) VALUES
(1, 'About Us', ' सूचनाको हकसम्बन्धी ऐन, २०६४ ले नेपाली नागरिकको सूचनाको हकको संरक्षण, सम्वर्द्धन र प्रचलन गर्नका लागि स्वतन्त्र राष्ट्रिय सूचना आयोग रहने व्यवस्था गरेको छ । आयोगमा प्रमुख सूचना आयुक्त र दुईजना सूचना आयुक्तहरू रहने तथा सभामुख अध्यक्ष, सूचना तथा संचार मन्त्', 'Published', '', 1, '0000-00-00 00:00:00', '2015-07-08 23:02:51', 'सूचनाको हकसम्बन्धी ऐन, २०६४ ले नेपाली नागरिकको सूचनाको हकको संरक्षण, सम्वर्द्धन र प्रचलन गर्नका लागि स्वतन्त्र राष्ट्रिय सूचना आयोग रहने व्यवस्था गरेको छ । आयोगमा प्रमुख सूचना आयुक्त र दुईजना सूचना आयुक्तहरू |', 'हाम्रो बारेमा', 'aboutus'),
(2, 'Contact Us', '      <h3><strong>ADDRESS</strong> DETAILS</h3>\n\n                            <div class="address-details clearfix">\n                                <i class="fa fa-map-marker"></i>\n\n                                <p>\n                                    <', 'Published', '', 1, '0000-00-00 00:00:00', '0000-00-00 00:00:00', '      <h3><strong>ADDRESS</strong> DETAILS</h3>\n\n                            <div class="address-details clearfix">\n                                <i class="fa fa-map-marker"></i>\n\n                                <p>\n                                    <', 'सम्पर्क ', 'contactus'),
(3, 'Mr Shree Krishna Baskota', 'प्रमुख सूचना आयुक्त', 'Published', '3.jpg', 1, '2015-06-21 15:32:51', '2015-06-21 15:32:52', 'प्रमुख सूचना आयुक्त', 'श्री कृष्णहरि बाँस्कोटा', 'staff-top-level'),
(4, 'Mr. Kiran Kumar Pokharel', ' सूचना आयुक्त', 'Published', '4.jpeg', 1, '2015-06-25 07:26:35', '2015-06-25 07:26:36', ' सूचना आयुक्त', 'श्री किरणकुमार पोखरेल', 'staff-top-level'),
(5, 'Ms. Yashoda Devi Timilsina', 'सूचना आयुक्त   ', 'Published', '5.jpeg', 1, '2015-06-29 15:36:50', '2015-06-29 15:36:50', 'सूचना आयुक्त ', 'श्री यशोदा देवी तिम्सिना', 'staff-top-level'),
(7, 'Mr. Laxman Prasad Mainali', 'सचिव', 'Published', '7.jpeg', 1, '0000-00-00 00:00:00', '0000-00-00 00:00:00', 'सचिव', 'श्री लक्ष्मण प्रसाद मैनाली', 'staff-second-level'),
(8, 'Mr. Gaulochan Sainju', 'उपसचिव\r\n9841335899\r\nईमेल पठाउनुहोस', 'Published', '8.jpg', 1, '0000-00-00 00:00:00', '0000-00-00 00:00:00', 'उपसचिव9841335899ईमेल पठाउनुहोस', '\nगौलोचन सैँजू', 'staff'),
(9, 'new', '', 'Published', '', 1, '2015-07-09 20:09:07', '2015-07-09 20:09:07', 'new', 'new', ''),
(10, 'new', '', 'Published', '', 1, '2015-07-09 20:10:19', '2015-07-09 20:10:19', 'new', 'new', ''),
(11, 'new', '', 'Published', '11.png', 1, '2015-07-09 20:11:00', '2015-07-09 20:11:01', 'new', 'new', ''),
(12, 'Who Are We', '', 'Published', '', 1, '2015-07-14 05:42:36', '2015-07-14 05:42:36', 'Who Are We', '', ''),
(13, 'What We Do', '', 'Published', '', 1, '2015-07-14 05:42:58', '2015-07-14 05:42:58', 'What We Do', '', ''),
(14, 'Procedure For Request', '', 'Published', '', 1, '2015-07-14 05:43:18', '2015-07-14 05:43:18', 'Procedure For Request', '', ''),
(15, 'Your Right to Know', '', 'Published', '', 1, '2015-07-14 05:43:36', '2015-07-14 05:43:36', 'Your Right to Know', '', '');

-- --------------------------------------------------------

--
-- Table structure for table `menus`
--

CREATE TABLE IF NOT EXISTS `menus` (
  `id` int(10) unsigned NOT NULL AUTO_INCREMENT,
  `menu_name` varchar(255) COLLATE utf8_unicode_ci NOT NULL,
  `menu_type` varchar(255) COLLATE utf8_unicode_ci NOT NULL,
  `menu_url` varchar(255) COLLATE utf8_unicode_ci NOT NULL,
  `parent_id` int(11) NOT NULL,
  `sorting_order` varchar(255) COLLATE utf8_unicode_ci NOT NULL,
  `icon` varchar(30) COLLATE utf8_unicode_ci NOT NULL,
  `created_at` timestamp NOT NULL DEFAULT '0000-00-00 00:00:00',
  `updated_at` timestamp NOT NULL DEFAULT '0000-00-00 00:00:00',
  PRIMARY KEY (`id`)
) ENGINE=InnoDB  DEFAULT CHARSET=utf8 COLLATE=utf8_unicode_ci AUTO_INCREMENT=7 ;

--
-- Dumping data for table `menus`
--

INSERT INTO `menus` (`id`, `menu_name`, `menu_type`, `menu_url`, `parent_id`, `sorting_order`, `icon`, `created_at`, `updated_at`) VALUES
(1, 'Users', 'Admin', 'profiles', 0, '1', 'fa fa-user fa-fw', '0000-00-00 00:00:00', '0000-00-00 00:00:00'),
(2, 'Articles', 'Admin', 'articles', 0, '2', 'fa fa-book fa-fw', '0000-00-00 00:00:00', '0000-00-00 00:00:00'),
(3, 'Albums', 'User', 'albums', 0, '3', 'fa fa-pencil fa-fw', '0000-00-00 00:00:00', '0000-00-00 00:00:00'),
(4, 'Categories', 'Admin', 'categories', 0, '4', 'fa fa-table fa-fw', '0000-00-00 00:00:00', '0000-00-00 00:00:00'),
(5, 'Slider', 'Admin', 'sliders', 0, '5', 'fa fa-picture-o fa-fw', '0000-00-00 00:00:00', '0000-00-00 00:00:00'),
(6, 'Dynamic Content', 'Dynamic Content', 'dynamic-contents', 0, '6', 'fa fa-book fa-fw', '0000-00-00 00:00:00', '0000-00-00 00:00:00');

-- --------------------------------------------------------

--
-- Table structure for table `menu_role`
--

CREATE TABLE IF NOT EXISTS `menu_role` (
  `role_id` int(10) unsigned DEFAULT NULL,
  `menu_id` int(10) unsigned DEFAULT NULL,
  KEY `menu_role_role_id_index` (`role_id`),
  KEY `menu_role_menu_id_index` (`menu_id`)
) ENGINE=InnoDB DEFAULT CHARSET=utf8 COLLATE=utf8_unicode_ci;

--
-- Dumping data for table `menu_role`
--

INSERT INTO `menu_role` (`role_id`, `menu_id`) VALUES
(1, 1),
(1, 2),
(1, 3),
(1, 4),
(1, 5),
(1, 6),
(2, 3),
(2, 4),
(2, 5),
(2, 6);

-- --------------------------------------------------------

--
-- Table structure for table `migrations`
--

CREATE TABLE IF NOT EXISTS `migrations` (
  `migration` varchar(255) COLLATE utf8_unicode_ci NOT NULL,
  `batch` int(11) NOT NULL
) ENGINE=InnoDB DEFAULT CHARSET=utf8 COLLATE=utf8_unicode_ci;

--
-- Dumping data for table `migrations`
--

INSERT INTO `migrations` (`migration`, `batch`) VALUES
('2014_10_12_000000_create_users_table', 1),
('2014_10_12_100000_create_password_resets_table', 1),
('2015_04_15_045909_create_roles_table', 1),
('2015_04_15_050441_create_permissions_table', 1),
('2015_04_15_051515_create_role_user_pivot_table', 1),
('2015_04_15_051556_create_permission_role_pivot_table', 1),
('2015_04_22_090215_create_categories_table', 1),
('2015_04_23_065736_create_articles_table', 1),
('2015_04_23_102837_create_menus_table', 1),
('2015_04_24_120119_create_tags_table', 1),
('2015_04_24_120201_create_profiles_table', 1),
('2015_04_24_120202_create_albums_table', 1),
('2015_04_24_120203_create_photos_table', 1),
('2015_05_09_112733_create_articles_tags', 1),
('2015_05_09_131750_create_menus_role_table', 1),
('2015_05_16_152138_create_dynamic_content_table', 1),
('2014_02_09_225721_create_visitor_registry', 2);

-- --------------------------------------------------------

--
-- Table structure for table `password_resets`
--

CREATE TABLE IF NOT EXISTS `password_resets` (
  `email` varchar(255) COLLATE utf8_unicode_ci NOT NULL,
  `token` varchar(255) COLLATE utf8_unicode_ci NOT NULL,
  `created_at` timestamp NOT NULL DEFAULT '0000-00-00 00:00:00',
  KEY `password_resets_email_index` (`email`),
  KEY `password_resets_token_index` (`token`)
) ENGINE=InnoDB DEFAULT CHARSET=utf8 COLLATE=utf8_unicode_ci;

-- --------------------------------------------------------

--
-- Table structure for table `permissions`
--

CREATE TABLE IF NOT EXISTS `permissions` (
  `id` int(10) unsigned NOT NULL AUTO_INCREMENT,
  `name` varchar(255) COLLATE utf8_unicode_ci NOT NULL,
  `display_name` varchar(255) COLLATE utf8_unicode_ci DEFAULT NULL,
  `description` varchar(255) COLLATE utf8_unicode_ci DEFAULT NULL,
  `created_at` timestamp NOT NULL DEFAULT '0000-00-00 00:00:00',
  `updated_at` timestamp NOT NULL DEFAULT '0000-00-00 00:00:00',
  PRIMARY KEY (`id`),
  UNIQUE KEY `permissions_name_unique` (`name`)
) ENGINE=InnoDB  DEFAULT CHARSET=utf8 COLLATE=utf8_unicode_ci AUTO_INCREMENT=3 ;

--
-- Dumping data for table `permissions`
--

INSERT INTO `permissions` (`id`, `name`, `display_name`, `description`, `created_at`, `updated_at`) VALUES
(1, 'create-post', 'Create Posts', 'create new blog posts', '2015-05-12 15:02:59', '2015-05-12 15:02:59'),
(2, 'edit-user', 'Edit Users', 'edit existing users', '2015-05-12 15:02:59', '2015-05-12 15:02:59');

-- --------------------------------------------------------

--
-- Table structure for table `permission_role`
--

CREATE TABLE IF NOT EXISTS `permission_role` (
  `permission_id` int(10) unsigned NOT NULL,
  `role_id` int(10) unsigned NOT NULL,
  KEY `permission_role_permission_id_index` (`permission_id`),
  KEY `permission_role_role_id_index` (`role_id`)
) ENGINE=InnoDB DEFAULT CHARSET=utf8 COLLATE=utf8_unicode_ci;

--
-- Dumping data for table `permission_role`
--

INSERT INTO `permission_role` (`permission_id`, `role_id`) VALUES
(1, 1),
(1, 1),
(2, 1),
(2, 1),
(1, 2),
(1, 2),
(2, 2),
(2, 2);

-- --------------------------------------------------------

--
-- Table structure for table `photos`
--

CREATE TABLE IF NOT EXISTS `photos` (
  `id` int(10) unsigned NOT NULL AUTO_INCREMENT,
  `title` varchar(255) COLLATE utf8_unicode_ci NOT NULL,
  `description` varchar(255) COLLATE utf8_unicode_ci NOT NULL,
  `image` text COLLATE utf8_unicode_ci NOT NULL,
  `date_created` date NOT NULL,
  `status` varchar(255) COLLATE utf8_unicode_ci NOT NULL,
  `album_id` int(10) unsigned NOT NULL,
  `created_at` timestamp NOT NULL DEFAULT '0000-00-00 00:00:00',
  `updated_at` timestamp NOT NULL DEFAULT '0000-00-00 00:00:00',
  PRIMARY KEY (`id`),
  KEY `photos_album_id_index` (`album_id`)
) ENGINE=InnoDB  DEFAULT CHARSET=utf8 COLLATE=utf8_unicode_ci AUTO_INCREMENT=7 ;

--
-- Dumping data for table `photos`
--

INSERT INTO `photos` (`id`, `title`, `description`, `image`, `date_created`, `status`, `album_id`, `created_at`, `updated_at`) VALUES
(1, 'new', 'new', '/tmp/phpmvJ4HA', '2015-07-01', '0', 1, '2015-07-03 23:23:19', '2015-07-03 23:23:19'),
(2, 'new', 'new', '/tmp/phpIFnx67', '2015-07-01', '0', 1, '2015-07-03 23:23:22', '2015-07-03 23:23:22'),
(3, 'new', 'new', '/tmp/phpyBX52F', '2015-07-01', '0', 1, '2015-07-03 23:23:22', '2015-07-03 23:23:22'),
(4, 'new', 'new', '4.png', '2015-07-01', '0', 1, '2015-07-03 23:24:18', '2015-07-03 23:24:19'),
(5, 'new', 'new', '5.png', '2015-07-01', '0', 1, '2015-07-03 23:24:19', '2015-07-03 23:24:19'),
(6, 'edi', 'newkdsafsdas', '6.jpg', '2015-07-14', 'Draft', 1, '2015-07-09 04:39:41', '2015-07-10 01:58:41');

-- --------------------------------------------------------

--
-- Table structure for table `profiles`
--

CREATE TABLE IF NOT EXISTS `profiles` (
  `id` int(10) unsigned NOT NULL AUTO_INCREMENT,
  `first_name` varchar(255) COLLATE utf8_unicode_ci NOT NULL,
  `last_name` varchar(255) COLLATE utf8_unicode_ci NOT NULL,
  `contact_no` bigint(11) NOT NULL,
  `description` varchar(255) COLLATE utf8_unicode_ci NOT NULL,
  `image` text COLLATE utf8_unicode_ci NOT NULL,
  `user_id` int(10) unsigned NOT NULL,
  `created_at` timestamp NOT NULL DEFAULT '0000-00-00 00:00:00',
  `updated_at` timestamp NOT NULL DEFAULT '0000-00-00 00:00:00',
  PRIMARY KEY (`id`),
  KEY `profiles_user_id_index` (`user_id`)
) ENGINE=InnoDB  DEFAULT CHARSET=utf8 COLLATE=utf8_unicode_ci AUTO_INCREMENT=3 ;

--
-- Dumping data for table `profiles`
--

INSERT INTO `profiles` (`id`, `first_name`, `last_name`, `contact_no`, `description`, `image`, `user_id`, `created_at`, `updated_at`) VALUES
(1, 'Admin', 'Admin', 2147483647, 'Admindfafa', '1.jpg', 1, '0000-00-00 00:00:00', '2015-07-14 05:50:03'),
(2, 'Guest ', 'Guest', 2147483647, 'Guest', '18.png', 2, '0000-00-00 00:00:00', '0000-00-00 00:00:00');

-- --------------------------------------------------------

--
-- Table structure for table `roles`
--

CREATE TABLE IF NOT EXISTS `roles` (
  `id` int(10) unsigned NOT NULL AUTO_INCREMENT,
  `name` varchar(255) COLLATE utf8_unicode_ci NOT NULL,
  `display_name` varchar(255) COLLATE utf8_unicode_ci DEFAULT NULL,
  `description` varchar(255) COLLATE utf8_unicode_ci DEFAULT NULL,
  `created_at` timestamp NOT NULL DEFAULT '0000-00-00 00:00:00',
  `updated_at` timestamp NOT NULL DEFAULT '0000-00-00 00:00:00',
  PRIMARY KEY (`id`),
  UNIQUE KEY `roles_name_unique` (`name`)
) ENGINE=InnoDB  DEFAULT CHARSET=utf8 COLLATE=utf8_unicode_ci AUTO_INCREMENT=3 ;

--
-- Dumping data for table `roles`
--

INSERT INTO `roles` (`id`, `name`, `display_name`, `description`, `created_at`, `updated_at`) VALUES
(1, 'Admin', 'User Administrator', 'User is allowed to manage and edit other users', '2015-05-12 15:02:59', '2015-05-12 15:02:59'),
(2, 'Guest', 'Guest', 'Guest', '2015-05-12 15:02:59', '2015-05-12 15:02:59');

-- --------------------------------------------------------

--
-- Table structure for table `role_user`
--

CREATE TABLE IF NOT EXISTS `role_user` (
  `role_id` int(10) unsigned NOT NULL,
  `user_id` int(10) unsigned NOT NULL,
  KEY `role_user_role_id_index` (`role_id`),
  KEY `role_user_user_id_index` (`user_id`)
) ENGINE=InnoDB DEFAULT CHARSET=utf8 COLLATE=utf8_unicode_ci;

--
-- Dumping data for table `role_user`
--

INSERT INTO `role_user` (`role_id`, `user_id`) VALUES
(1, 1),
(2, 2);

-- --------------------------------------------------------

--
-- Table structure for table `sliders`
--

CREATE TABLE IF NOT EXISTS `sliders` (
  `id` int(11) NOT NULL AUTO_INCREMENT,
  `title` varchar(255) COLLATE utf8_unicode_ci NOT NULL,
  `description` varchar(255) COLLATE utf8_unicode_ci NOT NULL,
  `status` varchar(255) COLLATE utf8_unicode_ci NOT NULL,
  `image` text COLLATE utf8_unicode_ci NOT NULL,
  `user_id` int(10) unsigned NOT NULL,
  `created_at` timestamp NOT NULL DEFAULT '0000-00-00 00:00:00',
  `updated_at` timestamp NOT NULL DEFAULT '0000-00-00 00:00:00',
  PRIMARY KEY (`id`),
  KEY `sliders_user_id_index` (`user_id`)
) ENGINE=InnoDB  DEFAULT CHARSET=utf8 COLLATE=utf8_unicode_ci AUTO_INCREMENT=7 ;

--
-- Dumping data for table `sliders`
--

INSERT INTO `sliders` (`id`, `title`, `description`, `status`, `image`, `user_id`, `created_at`, `updated_at`) VALUES
(1, 'Testing', 'Testings', 'Published', '1.jpg', 1, '0000-00-00 00:00:00', '2015-07-10 00:06:44'),
(2, 'Testing', 'Testing', 'Published', '2.jpg', 1, '0000-00-00 00:00:00', '2015-06-07 22:19:26'),
(3, 'Testing', 'Testing', 'Published', '3.jpg', 1, '0000-00-00 00:00:00', '0000-00-00 00:00:00'),
(4, 'Testing', 'Testing', 'Published', '4.jpg', 1, '0000-00-00 00:00:00', '0000-00-00 00:00:00'),
(5, 'Testing', 'Testing', 'Published', '5.jpg', 1, '0000-00-00 00:00:00', '0000-00-00 00:00:00'),
(6, 'Testing', 'Testing  ', 'Draft', '6.jpg', 1, '2015-07-10 00:06:57', '2015-07-10 00:06:58');

-- --------------------------------------------------------

--
-- Table structure for table `tags`
--

CREATE TABLE IF NOT EXISTS `tags` (
  `id` int(10) unsigned NOT NULL AUTO_INCREMENT,
  `name` varchar(255) COLLATE utf8_unicode_ci NOT NULL,
  `created_at` timestamp NOT NULL DEFAULT '0000-00-00 00:00:00',
  `updated_at` timestamp NOT NULL DEFAULT '0000-00-00 00:00:00',
  PRIMARY KEY (`id`)
) ENGINE=InnoDB  DEFAULT CHARSET=utf8 COLLATE=utf8_unicode_ci AUTO_INCREMENT=2 ;

--
-- Dumping data for table `tags`
--

INSERT INTO `tags` (`id`, `name`, `created_at`, `updated_at`) VALUES
(1, 'try', '0000-00-00 00:00:00', '0000-00-00 00:00:00');

-- --------------------------------------------------------

--
-- Table structure for table `users`
--

CREATE TABLE IF NOT EXISTS `users` (
  `id` int(10) unsigned NOT NULL AUTO_INCREMENT,
  `email` varchar(255) COLLATE utf8_unicode_ci NOT NULL,
  `username` varchar(255) COLLATE utf8_unicode_ci NOT NULL,
  `password` varchar(60) COLLATE utf8_unicode_ci NOT NULL,
  `status` varchar(25) COLLATE utf8_unicode_ci NOT NULL,
  `remember_token` varchar(100) COLLATE utf8_unicode_ci DEFAULT NULL,
  `created_at` timestamp NOT NULL DEFAULT '0000-00-00 00:00:00',
  `updated_at` timestamp NOT NULL DEFAULT '0000-00-00 00:00:00',
  PRIMARY KEY (`id`),
  UNIQUE KEY `users_email_unique` (`email`)
) ENGINE=InnoDB  DEFAULT CHARSET=utf8 COLLATE=utf8_unicode_ci AUTO_INCREMENT=3 ;

--
-- Dumping data for table `users`
--

INSERT INTO `users` (`id`, `email`, `username`, `password`, `status`, `remember_token`, `created_at`, `updated_at`) VALUES
(1, 'admin@gmail.com', 'Admin', '$2y$10$PHdxOq7gDf3m5pkLOn5xqOPatDitwTpU9yJCzucIoR1s10/ozTO0m', 'Active', '0ORav4oLcZslkSW3LMjx4qWcsLqugo1anT1EPNN233nXwD2aZbQISFPtkrK7', '2015-05-12 15:02:58', '2015-07-04 11:25:14'),
(2, 'guest@gmail.com', 'Guest', '$2y$10$FoKBMu9EiwerV4mmpfQcQ.QzmZCu5jPW7Zyroz/cOjTQde5wXYKOW', 'Active', 'ps9ZiSPzY6FSY7dwlS6tdxSJ3hEsP1wOrU6MRSbQQL4LNah5w6xxtWgkdnz7', '2015-05-12 15:02:58', '2015-05-31 20:32:32');

-- --------------------------------------------------------

--
-- Table structure for table `visitor_registry`
--

CREATE TABLE IF NOT EXISTS `visitor_registry` (
  `id` int(10) unsigned NOT NULL AUTO_INCREMENT,
  `ip` varchar(32) COLLATE utf8_unicode_ci NOT NULL,
  `country` varchar(4) COLLATE utf8_unicode_ci DEFAULT NULL,
  `clicks` int(10) unsigned NOT NULL DEFAULT '0',
  `created_at` timestamp NOT NULL DEFAULT '0000-00-00 00:00:00',
  `updated_at` timestamp NOT NULL DEFAULT '0000-00-00 00:00:00',
  PRIMARY KEY (`id`)
) ENGINE=InnoDB  DEFAULT CHARSET=utf8 COLLATE=utf8_unicode_ci AUTO_INCREMENT=3 ;

--
-- Dumping data for table `visitor_registry`
--

INSERT INTO `visitor_registry` (`id`, `ip`, `country`, `clicks`, `created_at`, `updated_at`) VALUES
(2, '127.0.0.1', NULL, 824, '2015-07-03 01:03:16', '2015-07-03 01:03:16');

--
-- Constraints for dumped tables
--

--
-- Constraints for table `albums`
--
ALTER TABLE `albums`
  ADD CONSTRAINT `albums_user_id_foreign` FOREIGN KEY (`user_id`) REFERENCES `users` (`id`);

--
-- Constraints for table `articles`
--
ALTER TABLE `articles`
  ADD CONSTRAINT `articles_category_id_foreign` FOREIGN KEY (`category_id`) REFERENCES `categories` (`id`),
  ADD CONSTRAINT `articles_user_id_foreign` FOREIGN KEY (`user_id`) REFERENCES `users` (`id`);

--
-- Constraints for table `articles_tag`
--
ALTER TABLE `articles_tag`
  ADD CONSTRAINT `articles_tag_article_id_foreign` FOREIGN KEY (`article_id`) REFERENCES `articles` (`id`),
  ADD CONSTRAINT `articles_tag_tag_id_foreign` FOREIGN KEY (`tag_id`) REFERENCES `tags` (`id`);

--
-- Constraints for table `menu_role`
--
ALTER TABLE `menu_role`
  ADD CONSTRAINT `menu_role_menu_id_foreign` FOREIGN KEY (`menu_id`) REFERENCES `menus` (`id`),
  ADD CONSTRAINT `menu_role_role_id_foreign` FOREIGN KEY (`role_id`) REFERENCES `roles` (`id`);

--
-- Constraints for table `permission_role`
--
ALTER TABLE `permission_role`
  ADD CONSTRAINT `permission_role_permission_id_foreign` FOREIGN KEY (`permission_id`) REFERENCES `permissions` (`id`) ON DELETE CASCADE,
  ADD CONSTRAINT `permission_role_role_id_foreign` FOREIGN KEY (`role_id`) REFERENCES `roles` (`id`) ON DELETE CASCADE;

--
-- Constraints for table `photos`
--
ALTER TABLE `photos`
  ADD CONSTRAINT `photos_album_id_foreign` FOREIGN KEY (`album_id`) REFERENCES `albums` (`id`);

--
-- Constraints for table `profiles`
--
ALTER TABLE `profiles`
  ADD CONSTRAINT `profiles_user_id_foreign` FOREIGN KEY (`user_id`) REFERENCES `users` (`id`);

--
-- Constraints for table `role_user`
--
ALTER TABLE `role_user`
  ADD CONSTRAINT `role_user_role_id_foreign` FOREIGN KEY (`role_id`) REFERENCES `roles` (`id`) ON DELETE CASCADE,
  ADD CONSTRAINT `role_user_user_id_foreign` FOREIGN KEY (`user_id`) REFERENCES `users` (`id`) ON DELETE CASCADE;

/*!40101 SET CHARACTER_SET_CLIENT=@OLD_CHARACTER_SET_CLIENT */;
/*!40101 SET CHARACTER_SET_RESULTS=@OLD_CHARACTER_SET_RESULTS */;
/*!40101 SET COLLATION_CONNECTION=@OLD_COLLATION_CONNECTION */;
